ZIP CODE,AREA,OPPORTUNITY SCORE,,
15001,"ZIP 15001 (Aliquippa, PA)",3,,
15003,"ZIP 15003 (Ambridge, PA)",3,,
15004,"ZIP 15004 (Atlasburg, PA)",3,,
15005,"ZIP 15005 (Baden, PA)",3.5,,
15006,"ZIP 15006 (Bairdford, PA)",2.75,,
15007,"ZIP 15007 (Bakerstown, PA)",3,,
15009,"ZIP 15009 (Beaver, PA)",3.75,,
15010,"ZIP 15010 (Beaver Falls, PA)",3,,
15012,"ZIP 15012 (Belle Vernon, PA)",3,,
15014,"ZIP 15014 (Brackenridge, PA)",3,,
15015,"ZIP 15015 (Bradfordwoods, PA)",4.75,,
15017,"ZIP 15017 (Bridgeville, PA)",4,,
15018,"ZIP 15018 (Buena Vista, PA)",3,,
15019,"ZIP 15019 (Bulger, PA)",2.75,,
15020,"ZIP 15020 (Bunola, PA)",2.75,,
15021,"ZIP 15021 (Burgettstown, PA)",3,,
15022,"ZIP 15022 (Charleroi, PA)",3,,
15024,"ZIP 15024 (Cheswick, PA)",3,,
15025,"ZIP 15025 (Clairton, PA)",3.25,,
15026,"ZIP 15026 (Clinton, PA)",4,,
15027,"ZIP 15027 (Conway, PA)",3,,
15028,"ZIP 15028 (Coulters, PA)",2.75,,
15030,"ZIP 15030 (Creighton, PA)",2.75,,
15031,"ZIP 15031 (Cuddy, PA)",2.75,,
15033,"ZIP 15033 (Donora, PA)",2.5,,
15034,"ZIP 15034 (Dravosburg, PA)",3,,
15035,"ZIP 15035 (East Mc Keesport, PA)",3,,
15037,"ZIP 15037 (Elizabeth, PA)",3,,
15038,"ZIP 15038 (Elrama, PA)",3,,
15042,"ZIP 15042 (Freedom, PA)",3.25,,
15043,"ZIP 15043 (Georgetown, PA)",3.5,,
15044,"ZIP 15044 (Gibsonia, PA)",4,,
15045,"ZIP 15045 (Glassport, PA)",2.75,,
15046,"ZIP 15046 (Crescent, PA)",3,,
15049,"ZIP 15049 (Harwick, PA)",3,,
15050,"ZIP 15050 (Hookstown, PA)",3.75,,
15051,"ZIP 15051 (Indianola, PA)",2.75,,
15052,"ZIP 15052 (Industry, PA)",3,,
15053,"ZIP 15053 (Joffre, PA)",3,,
15054,"ZIP 15054 (Langeloth, PA)",3,,
15055,"ZIP 15055 (Lawrence, PA)",4,,
15056,"ZIP 15056 (Leetsdale, PA)",3,,
15057,"ZIP 15057 (Mc Donald, PA)",4.25,,
15059,"ZIP 15059 (Midland, PA)",3,,
15060,"ZIP 15060 (Midway, PA)",3,,
15061,"ZIP 15061 (Monaca, PA)",3,,
15062,"ZIP 15062 (Monessen, PA)",3,,
15063,"ZIP 15063 (Monongahela, PA)",3,,
15064,"ZIP 15064 (Morgan, PA)",3.25,,
15065,"ZIP 15065 (Natrona Heights, PA)",2.75,,
15066,"ZIP 15066 (New Brighton, PA)",3,,
15067,"ZIP 15067 (New Eagle, PA)",3,,
15068,"ZIP 15068 (New Kensington, PA)",3,,
15071,"ZIP 15071 (Oakdale, PA)",3.25,,
15072,"ZIP 15072 (Pricedale, PA)",3,,
15074,"ZIP 15074 (Rochester, PA)",3,,
15075,"ZIP 15075 (Rural Ridge, PA)",3,,
15076,"ZIP 15076 (Russellton, PA)",2.75,,
15077,"ZIP 15077 (Shippingport, PA)",2.33,,
15078,"ZIP 15078 (Slovan, PA)",3.5,,
15081,"ZIP 15081 (South Heights, PA)",3,,
15082,"ZIP 15082 (Sturgeon, PA)",3,,
15083,"ZIP 15083 (Sutersville, PA)",3,,
15084,"ZIP 15084 (Tarentum, PA)",2.75,,
15085,"ZIP 15085 (Trafford, PA)",3.5,,
15086,"ZIP 15086 (Warrendale, PA)",4.5,,
15087,"ZIP 15087 (Webster, PA)",3.75,,
15088,"ZIP 15088 (West Elizabeth, PA)",2.75,,
15089,"ZIP 15089 (West Newton, PA)",3.25,,
15090,"ZIP 15090 (Wexford, PA)",4.75,,
15101,"ZIP 15101 (Allison Park, PA)",3.75,,
15102,"ZIP 15102 (Bethel Park, PA)",3.75,,
15104,"ZIP 15104 (Braddock, PA)",2,,
15106,"ZIP 15106 (Carnegie, PA)",3,,
15108,"ZIP 15108 (Coraopolis, PA)",3.75,,
15110,"ZIP 15110 (Duquesne, PA)",2,,
15112,"ZIP 15112 (East Pittsburgh, PA)",3,,
15116,"ZIP 15116 (Glenshaw, PA)",3.75,,
15120,"ZIP 15120 (Homestead, PA)",3,,
15122,"ZIP 15122 (West Mifflin, PA)",3,,
15126,"ZIP 15126 (Imperial, PA)",3.25,,
15129,"ZIP 15129 (South Park, PA)",3.5,,
15131,"ZIP 15131 (Mckeesport, PA)",3,,
15132,"ZIP 15132 (Mckeesport, PA)",2.25,,
15133,"ZIP 15133 (Mckeesport, PA)",3,,
15135,"ZIP 15135 (Mckeesport, PA)",3,,
15136,"ZIP 15136 (Mc Kees Rocks, PA)",3,,
15137,"ZIP 15137 (North Versailles, PA)",2.75,,
15139,"ZIP 15139 (Oakmont, PA)",3.75,,
15140,"ZIP 15140 (Pitcairn, PA)",2.5,,
15142,"ZIP 15142 (Presto, PA)",5.5,,
15143,"ZIP 15143 (Sewickley, PA)",4.75,,
15144,"ZIP 15144 (Springdale, PA)",3,,
15145,"ZIP 15145 (Turtle Creek, PA)",3,,
15146,"ZIP 15146 (Monroeville, PA)",3.25,,
15147,"ZIP 15147 (Verona, PA)",3,,
15148,"ZIP 15148 (Wilmerding, PA)",2.25,,
15201,"ZIP 15201 (Pittsburgh, PA)",3.5,,
15202,"ZIP 15202 (Pittsburgh, PA)",3,,
15203,"ZIP 15203 (Pittsburgh, PA)",4,,
15204,"ZIP 15204 (Pittsburgh, PA)",2.75,,
15205,"ZIP 15205 (Pittsburgh, PA)",3,,
15206,"ZIP 15206 (Pittsburgh, PA)",3.5,,
15207,"ZIP 15207 (Pittsburgh, PA)",3,,
15208,"ZIP 15208 (Pittsburgh, PA)",3.75,,
15209,"ZIP 15209 (Pittsburgh, PA)",3,,
15210,"ZIP 15210 (Pittsburgh, PA)",2.5,,
15211,"ZIP 15211 (Pittsburgh, PA)",3,,
15212,"ZIP 15212 (Pittsburgh, PA)",3,,
15213,"ZIP 15213 (Pittsburgh, PA)",3.25,,
15214,"ZIP 15214 (Pittsburgh, PA)",3,,
15215,"ZIP 15215 (Pittsburgh, PA)",4,,
15216,"ZIP 15216 (Pittsburgh, PA)",3,,
15217,"ZIP 15217 (Pittsburgh, PA)",4.5,,
15218,"ZIP 15218 (Pittsburgh, PA)",3,,
15219,"ZIP 15219 (Pittsburgh, PA)",3.25,,
15220,"ZIP 15220 (Pittsburgh, PA)",3.5,,
15221,"ZIP 15221 (Pittsburgh, PA)",3,,
15222,"ZIP 15222 (Pittsburgh, PA)",4.75,,
15223,"ZIP 15223 (Pittsburgh, PA)",3,,
15224,"ZIP 15224 (Pittsburgh, PA)",3.5,,
15225,"ZIP 15225 (Pittsburgh, PA)",3,,
15226,"ZIP 15226 (Pittsburgh, PA)",3,,
15227,"ZIP 15227 (Pittsburgh, PA)",3,,
15228,"ZIP 15228 (Pittsburgh, PA)",4,,
15229,"ZIP 15229 (Pittsburgh, PA)",3,,
15232,"ZIP 15232 (Pittsburgh, PA)",4.75,,
15233,"ZIP 15233 (Pittsburgh, PA)",2.75,,
15234,"ZIP 15234 (Pittsburgh, PA)",3,,
15235,"ZIP 15235 (Pittsburgh, PA)",2.75,,
15236,"ZIP 15236 (Pittsburgh, PA)",3.25,,
15237,"ZIP 15237 (Pittsburgh, PA)",3.75,,
15238,"ZIP 15238 (Pittsburgh, PA)",4.75,,
15239,"ZIP 15239 (Pittsburgh, PA)",3.25,,
15241,"ZIP 15241 (Pittsburgh, PA)",4.5,,
15243,"ZIP 15243 (Pittsburgh, PA)",3.75,,
15301,"ZIP 15301 (Washington, PA)",3.25,,
15310,"ZIP 15310 (Aleppo, PA)",3.25,,
15311,"ZIP 15311 (Amity, PA)",4,,
15312,"ZIP 15312 (Avella, PA)",3.25,,
15313,"ZIP 15313 (Beallsville, PA)",3.25,,
15314,"ZIP 15314 (Bentleyville, PA)",3.25,,
15315,"ZIP 15315 (Bobtown, PA)",2.75,,
15316,"ZIP 15316 (Brave, PA)",3,,
15317,"ZIP 15317 (Canonsburg, PA)",3.75,,
15320,"ZIP 15320 (Carmichaels, PA)",3.25,,
15321,"ZIP 15321 (Cecil, PA)",3.75,,
15322,"ZIP 15322 (Clarksville, PA)",3,,
15323,"ZIP 15323 (Claysville, PA)",3.25,,
15324,"ZIP 15324 (Cokeburg, PA)",3,,
15325,"ZIP 15325 (Crucible, PA)",3.5,,
15327,"ZIP 15327 (Dilliner, PA)",3,,
15329,"ZIP 15329 (Prosperity, PA)",3.5,,
15330,"ZIP 15330 (Eighty Four, PA)",4,,
15331,"ZIP 15331 (Ellsworth, PA)",3.25,,
15332,"ZIP 15332 (Finleyville, PA)",3.25,,
15333,"ZIP 15333 (Fredericktown, PA)",3,,
15334,"ZIP 15334 (Garards Fort, PA)",2.5,,
15337,"ZIP 15337 (Graysville, PA)",3.25,,
15338,"ZIP 15338 (Greensboro, PA)",3.25,,
15340,"ZIP 15340 (Hickory, PA)",3.75,,
15341,"ZIP 15341 (Holbrook, PA)",3.25,,
15342,"ZIP 15342 (Houston, PA)",3.5,,
15344,"ZIP 15344 (Jefferson, PA)",3.25,,
15345,"ZIP 15345 (Marianna, PA)",3.25,,
15346,"ZIP 15346 (Mather, PA)",2.25,,
15347,"ZIP 15347 (Meadow Lands, PA)",3.5,,
15348,"ZIP 15348 (Millsboro, PA)",3.25,,
15349,"ZIP 15349 (Mount Morris, PA)",3.25,,
15350,"ZIP 15350 (Muse, PA)",2.75,,
15351,"ZIP 15351 (Nemacolin, PA)",2,,
15352,"ZIP 15352 (New Freeport, PA)",3.5,,
15357,"ZIP 15357 (Rices Landing, PA)",3,,
15358,"ZIP 15358 (Richeyville, PA)",3.25,,
15359,"ZIP 15359 (Rogersville, PA)",3,,
15360,"ZIP 15360 (Scenery Hill, PA)",4,,
15362,"ZIP 15362 (Spraggs, PA)",3.75,,
15363,"ZIP 15363 (Strabane, PA)",3.5,,
15364,"ZIP 15364 (Sycamore, PA)",3.5,,
15366,"ZIP 15366 (Van Voorhis, PA)",2.33,,
15367,"ZIP 15367 (Venetia, PA)",5.25,,
15368,"ZIP 15368 (Vestaburg, PA)",2.25,,
15370,"ZIP 15370 (Waynesburg, PA)",3,,
15376,"ZIP 15376 (West Alexander, PA)",3.5,,
15377,"ZIP 15377 (West Finley, PA)",3.5,,
15378,"ZIP 15378 (Westland, PA)",3,,
15379,"ZIP 15379 (West Middletown, PA)",3,,
15380,"ZIP 15380 (Wind Ridge, PA)",3.25,,
15401,"ZIP 15401 (Uniontown, PA)",3,,
15410,"ZIP 15410 (Adah, PA)",3,,
15411,"ZIP 15411 (Addison, PA)",3.25,,
15412,"ZIP 15412 (Allenport, PA)",3.25,,
15413,"ZIP 15413 (Allison, PA)",3.25,,
15417,"ZIP 15417 (Brownsville, PA)",3,,
15419,"ZIP 15419 (California, PA)",3,,
15420,"ZIP 15420 (Cardale, PA)",2.5,,
15421,"ZIP 15421 (Chalk Hill, PA)",4,,
15422,"ZIP 15422 (Chestnut Ridge, PA)",2,,
15423,"ZIP 15423 (Coal Center, PA)",3,,
15424,"ZIP 15424 (Confluence, PA)",3,,
15425,"ZIP 15425 (Connellsville, PA)",3,,
15427,"ZIP 15427 (Daisytown, PA)",3.5,,
15428,"ZIP 15428 (Dawson, PA)",3,,
15430,"ZIP 15430 (Dickerson Run, PA)",2.75,,
15431,"ZIP 15431 (Dunbar, PA)",3.25,,
15432,"ZIP 15432 (Dunlevy, PA)",3,,
15433,"ZIP 15433 (East Millsboro, PA)",3,,
15434,"ZIP 15434 (Elco, PA)",2.5,,
15435,"ZIP 15435 (Fairbank, PA)",2,,
15436,"ZIP 15436 (Fairchance, PA)",3,,
15437,"ZIP 15437 (Farmington, PA)",3.5,,
15438,"ZIP 15438 (Fayette City, PA)",3,,
15440,"ZIP 15440 (Gibbon Glade, PA)",3,,
15442,"ZIP 15442 (Grindstone, PA)",3,,
15443,"ZIP 15443 (Hibbs, PA)",2.5,,
15444,"ZIP 15444 (Hiller, PA)",2,,
15445,"ZIP 15445 (Hopwood, PA)",2.75,,
15446,"ZIP 15446 (Indian Head, PA)",3,,
15449,"ZIP 15449 (Keisterville, PA)",2,,
15450,"ZIP 15450 (La Belle, PA)",3.25,,
15451,"ZIP 15451 (Lake Lynn, PA)",3,,
15454,"ZIP 15454 (Leckrone, PA)",2.5,,
15455,"ZIP 15455 (Leisenring, PA)",3.5,,
15456,"ZIP 15456 (Lemont Furnace, PA)",3.25,,
15458,"ZIP 15458 (Mc Clellandtown, PA)",3,,
15459,"ZIP 15459 (Markleysburg, PA)",3,,
15460,"ZIP 15460 (Martin, PA)",2.75,,
15461,"ZIP 15461 (Masontown, PA)",2.75,,
15462,"ZIP 15462 (Melcroft, PA)",2.25,,
15464,"ZIP 15464 (Mill Run, PA)",3.25,,
15466,"ZIP 15466 (Newell, PA)",3,,
15468,"ZIP 15468 (New Salem, PA)",3,,
15469,"ZIP 15469 (Normalville, PA)",3.25,,
15470,"ZIP 15470 (Ohiopyle, PA)",3.5,,
15472,"ZIP 15472 (Oliver, PA)",4,,
15473,"ZIP 15473 (Perryopolis, PA)",3,,
15474,"ZIP 15474 (Point Marion, PA)",3,,
15475,"ZIP 15475 (Republic, PA)",2.75,,
15477,"ZIP 15477 (Roscoe, PA)",3,,
15478,"ZIP 15478 (Smithfield, PA)",3,,
15479,"ZIP 15479 (Smithton, PA)",3.25,,
15480,"ZIP 15480 (Smock, PA)",3,,
15482,"ZIP 15482 (Star Junction, PA)",2.25,,
15483,"ZIP 15483 (Stockdale, PA)",3,,
15484,"ZIP 15484 (Uledi, PA)",2.75,,
15485,"ZIP 15485 (Ursina, PA)",2,,
15486,"ZIP 15486 (Vanderbilt, PA)",3.25,,
15489,"ZIP 15489 (West Leisenring, PA)",3.5,,
15490,"ZIP 15490 (White, PA)",2.75,,
15492,"ZIP 15492 (Wickhaven, PA)",2.5,,
15501,"ZIP 15501 (Somerset, PA)",3,,
15502,"ZIP 15502 (Hidden Valley, PA)",4,,
15520,"ZIP 15520 (Acosta, PA)",2.25,,
15521,"ZIP 15521 (Alum Bank, PA)",3,,
15522,"ZIP 15522 (Bedford, PA)",3.5,,
15530,"ZIP 15530 (Berlin, PA)",3,,
15531,"ZIP 15531 (Boswell, PA)",3,,
15532,"ZIP 15532 (Boynton, PA)",2.25,,
15533,"ZIP 15533 (Breezewood, PA)",3,,
15534,"ZIP 15534 (Buffalo Mills, PA)",3,,
15535,"ZIP 15535 (Clearville, PA)",3.5,,
15536,"ZIP 15536 (Crystal Spring, PA)",3.5,,
15537,"ZIP 15537 (Everett, PA)",3,,
15538,"ZIP 15538 (Fairhope, PA)",3.5,,
15539,"ZIP 15539 (Fishertown, PA)",3.25,,
15540,"ZIP 15540 (Fort Hill, PA)",3.75,,
15541,"ZIP 15541 (Friedens, PA)",3,,
15542,"ZIP 15542 (Garrett, PA)",3,,
15545,"ZIP 15545 (Hyndman, PA)",3.25,,
15546,"ZIP 15546 (Jenners, PA)",3,,
15547,"ZIP 15547 (Jennerstown, PA)",2.75,,
15550,"ZIP 15550 (Manns Choice, PA)",3,,
15551,"ZIP 15551 (Markleton, PA)",3.25,,
15552,"ZIP 15552 (Meyersdale, PA)",3,,
15553,"ZIP 15553 (New Baltimore, PA)",3,,
15554,"ZIP 15554 (New Paris, PA)",3,,
15557,"ZIP 15557 (Rockwood, PA)",3,,
15558,"ZIP 15558 (Salisbury, PA)",3.25,,
15559,"ZIP 15559 (Schellsburg, PA)",3.25,,
15560,"ZIP 15560 (Shanksville, PA)",3,,
15561,"ZIP 15561 (Sipesville, PA)",2.67,,
15562,"ZIP 15562 (Springs, PA)",3.5,,
15563,"ZIP 15563 (Stoystown, PA)",3.25,,
15564,"ZIP 15564 (Wellersburg, PA)",2.67,,
15601,"ZIP 15601 (Greensburg, PA)",3.75,,
15610,"ZIP 15610 (Acme, PA)",3.25,,
15611,"ZIP 15611 (Adamsburg, PA)",3,,
15612,"ZIP 15612 (Alverton, PA)",3.5,,
15613,"ZIP 15613 (Apollo, PA)",3,,
15615,"ZIP 15615 (Ardara, PA)",3,,
15616,"ZIP 15616 (Armbrust, PA)",3,,
15617,"ZIP 15617 (Arona, PA)",3,,
15618,"ZIP 15618 (Avonmore, PA)",3,,
15620,"ZIP 15620 (Bradenville, PA)",3.25,,
15622,"ZIP 15622 (Champion, PA)",3.5,,
15623,"ZIP 15623 (Claridge, PA)",3,,
15624,"ZIP 15624 (Crabtree, PA)",3,,
15625,"ZIP 15625 (Darragh, PA)",3,,
15626,"ZIP 15626 (Delmont, PA)",3.75,,
15627,"ZIP 15627 (Derry, PA)",3,,
15628,"ZIP 15628 (Donegal, PA)",3,,
15629,"ZIP 15629 (East Vandergrift, PA)",2.5,,
15631,"ZIP 15631 (Everson, PA)",3,,
15632,"ZIP 15632 (Export, PA)",3.75,,
15633,"ZIP 15633 (Forbes Road, PA)",3,,
15634,"ZIP 15634 (Grapeville, PA)",2.75,,
15635,"ZIP 15635 (Hannastown, PA)",3.5,,
15636,"ZIP 15636 (Harrison City, PA)",4.25,,
15637,"ZIP 15637 (Herminie, PA)",3,,
15638,"ZIP 15638 (Hostetter, PA)",2.67,,
15639,"ZIP 15639 (Hunker, PA)",3.5,,
15641,"ZIP 15641 (Hyde Park, PA)",2.75,,
15642,"ZIP 15642 (Irwin, PA)",3.75,,
15644,"ZIP 15644 (Jeannette, PA)",3,,
15646,"ZIP 15646 (Jones Mills, PA)",3,,
15647,"ZIP 15647 (Larimer, PA)",3,,
15650,"ZIP 15650 (Latrobe, PA)",3,,
15655,"ZIP 15655 (Laughlintown, PA)",3.25,,
15656,"ZIP 15656 (Leechburg, PA)",3,,
15658,"ZIP 15658 (Ligonier, PA)",3.75,,
15660,"ZIP 15660 (Lowber, PA)",3.25,,
15661,"ZIP 15661 (Loyalhanna, PA)",2.75,,
15662,"ZIP 15662 (Luxor, PA)",3.5,,
15663,"ZIP 15663 (Madison, PA)",3.25,,
15665,"ZIP 15665 (Manor, PA)",3.25,,
15666,"ZIP 15666 (Mount Pleasant, PA)",3,,
15668,"ZIP 15668 (Murrysville, PA)",4,,
15670,"ZIP 15670 (New Alexandria, PA)",3.75,,
15671,"ZIP 15671 (New Derry, PA)",3.5,,
15672,"ZIP 15672 (New Stanton, PA)",4,,
15673,"ZIP 15673 (North Apollo, PA)",3,,
15674,"ZIP 15674 (Norvelt, PA)",3,,
15675,"ZIP 15675 (Penn, PA)",3,,
15676,"ZIP 15676 (Pleasant Unity, PA)",3.33,,
15677,"ZIP 15677 (Rector, PA)",3.25,,
15678,"ZIP 15678 (Rillton, PA)",3.25,,
15679,"ZIP 15679 (Ruffs Dale, PA)",3.25,,
15680,"ZIP 15680 (Salina, PA)",2.5,,
15681,"ZIP 15681 (Saltsburg, PA)",3,,
15683,"ZIP 15683 (Scottdale, PA)",3,,
15684,"ZIP 15684 (Slickville, PA)",2.75,,
15685,"ZIP 15685 (Southwest, PA)",3,,
15686,"ZIP 15686 (Spring Church, PA)",3,,
15687,"ZIP 15687 (Stahlstown, PA)",3.5,,
15688,"ZIP 15688 (Tarrs, PA)",2.75,,
15689,"ZIP 15689 (United, PA)",3.5,,
15690,"ZIP 15690 (Vandergrift, PA)",3,,
15692,"ZIP 15692 (Westmoreland City, PA)",3.25,,
15693,"ZIP 15693 (Whitney, PA)",3.5,,
15695,"ZIP 15695 (Wyano, PA)",3,,
15696,"ZIP 15696 (Youngstown, PA)",2.75,,
15697,"ZIP 15697 (Youngwood, PA)",3,,
15698,"ZIP 15698 (Yukon, PA)",3,,
15701,"ZIP 15701 (Indiana, PA)",3,,
15710,"ZIP 15710 (Alverda, PA)",3.25,,
15711,"ZIP 15711 (Anita, PA)",3,,
15712,"ZIP 15712 (Arcadia, PA)",3.25,,
15713,"ZIP 15713 (Aultman, PA)",3.5,,
15714,"ZIP 15714 (Northern Cambria, PA)",3,,
15715,"ZIP 15715 (Big Run, PA)",3,,
15716,"ZIP 15716 (Black Lick, PA)",3.25,,
15717,"ZIP 15717 (Blairsville, PA)",3,,
15721,"ZIP 15721 (Burnside, PA)",3.25,,
15722,"ZIP 15722 (Carrolltown, PA)",3,,
15723,"ZIP 15723 (Chambersville, PA)",2.5,,
15724,"ZIP 15724 (Cherry Tree, PA)",3,,
15725,"ZIP 15725 (Clarksburg, PA)",3.25,,
15728,"ZIP 15728 (Clymer, PA)",2.75,,
15729,"ZIP 15729 (Commodore, PA)",3.25,,
15730,"ZIP 15730 (Coolspring, PA)",3.25,,
15731,"ZIP 15731 (Coral, PA)",3.25,,
15732,"ZIP 15732 (Creekside, PA)",3.25,,
15733,"ZIP 15733 (De Lancey, PA)",3.5,,
15734,"ZIP 15734 (Dixonville, PA)",3.5,,
15736,"ZIP 15736 (Elderton, PA)",3.25,,
15737,"ZIP 15737 (Elmora, PA)",2,,
15738,"ZIP 15738 (Emeigh, PA)",2.33,,
15739,"ZIP 15739 (Ernest, PA)",3,,
15741,"ZIP 15741 (Gipsy, PA)",3,,
15742,"ZIP 15742 (Glen Campbell, PA)",3,,
15744,"ZIP 15744 (Hamilton, PA)",2.5,,
15745,"ZIP 15745 (Heilwood, PA)",2.5,,
15746,"ZIP 15746 (Hillsdale, PA)",2.67,,
15747,"ZIP 15747 (Home, PA)",3.25,,
15748,"ZIP 15748 (Homer City, PA)",3,,
15750,"ZIP 15750 (Josephine, PA)",2,,
15752,"ZIP 15752 (Kent, PA)",3,,
15753,"ZIP 15753 (La Jose, PA)",3.25,,
15754,"ZIP 15754 (Lucernemines, PA)",3,,
15756,"ZIP 15756 (Mc Intyre, PA)",3,,
15757,"ZIP 15757 (Mahaffey, PA)",3,,
15759,"ZIP 15759 (Marion Center, PA)",3,,
15760,"ZIP 15760 (Marsteller, PA)",2.75,,
15761,"ZIP 15761 (Mentcle, PA)",3.5,,
15762,"ZIP 15762 (Nicktown, PA)",3,,
15763,"ZIP 15763 (Northpoint, PA)",2,,
15764,"ZIP 15764 (Oliveburg, PA)",3.25,,
15765,"ZIP 15765 (Penn Run, PA)",3,,
15767,"ZIP 15767 (Punxsutawney, PA)",3,,
15770,"ZIP 15770 (Ringgold, PA)",3,,
15771,"ZIP 15771 (Rochester Mills, PA)",3,,
15772,"ZIP 15772 (Rossiter, PA)",3.25,,
15773,"ZIP 15773 (Saint Benedict, PA)",3.25,,
15774,"ZIP 15774 (Shelocta, PA)",3,,
15775,"ZIP 15775 (Spangler, PA)",3,,
15776,"ZIP 15776 (Sprankle Mills, PA)",3,,
15777,"ZIP 15777 (Starford, PA)",2.5,,
15778,"ZIP 15778 (Timblin, PA)",2.25,,
15779,"ZIP 15779 (Torrance, PA)",3,,
15780,"ZIP 15780 (Valier, PA)",2.5,,
15781,"ZIP 15781 (Walston, PA)",3.75,,
15783,"ZIP 15783 (West Lebanon, PA)",2.5,,
15784,"ZIP 15784 (Worthville, PA)",3.25,,
15801,"ZIP 15801 (Du Bois, PA)",3,,
15821,"ZIP 15821 (Benezett, PA)",3.5,,
15823,"ZIP 15823 (Brockport, PA)",3,,
15824,"ZIP 15824 (Brockway, PA)",3,,
15825,"ZIP 15825 (Brookville, PA)",3,,
15827,"ZIP 15827 (Byrnedale, PA)",2.25,,
15828,"ZIP 15828 (Clarington, PA)",3.25,,
15829,"ZIP 15829 (Corsica, PA)",3.5,,
15832,"ZIP 15832 (Driftwood, PA)",3,,
15834,"ZIP 15834 (Emporium, PA)",2.75,,
15840,"ZIP 15840 (Falls Creek, PA)",3,,
15841,"ZIP 15841 (Force, PA)",2.25,,
15845,"ZIP 15845 (Johnsonburg, PA)",2.25,,
15846,"ZIP 15846 (Kersey, PA)",2.75,,
15847,"ZIP 15847 (Knox Dale, PA)",3.25,,
15848,"ZIP 15848 (Luthersburg, PA)",3,,
15849,"ZIP 15849 (Penfield, PA)",3,,
15851,"ZIP 15851 (Reynoldsville, PA)",3,,
15853,"ZIP 15853 (Ridgway, PA)",3,,
15856,"ZIP 15856 (Rockton, PA)",3,,
15857,"ZIP 15857 (Saint Marys, PA)",2.75,,
15860,"ZIP 15860 (Sigel, PA)",3,,
15861,"ZIP 15861 (Sinnamahoning, PA)",3,,
15863,"ZIP 15863 (Stump Creek, PA)",2.25,,
15864,"ZIP 15864 (Summerville, PA)",3.25,,
15865,"ZIP 15865 (Sykesville, PA)",3,,
15866,"ZIP 15866 (Troutville, PA)",3,,
15868,"ZIP 15868 (Weedville, PA)",2.75,,
15870,"ZIP 15870 (Wilcox, PA)",2.75,,
15901,"ZIP 15901 (Johnstown, PA)",2,,
15902,"ZIP 15902 (Johnstown, PA)",2.75,,
15904,"ZIP 15904 (Johnstown, PA)",3,,
15905,"ZIP 15905 (Johnstown, PA)",3,,
15906,"ZIP 15906 (Johnstown, PA)",2.25,,
15909,"ZIP 15909 (Johnstown, PA)",3,,
15920,"ZIP 15920 (Armagh, PA)",3.25,,
15921,"ZIP 15921 (Beaverdale, PA)",2.33,,
15922,"ZIP 15922 (Belsano, PA)",2.67,,
15923,"ZIP 15923 (Bolivar, PA)",3,,
15924,"ZIP 15924 (Cairnbrook, PA)",3,,
15926,"ZIP 15926 (Central City, PA)",3,,
15927,"ZIP 15927 (Colver, PA)",3,,
15928,"ZIP 15928 (Davidsville, PA)",3.25,,
15929,"ZIP 15929 (Dilltown, PA)",2.75,,
15930,"ZIP 15930 (Dunlo, PA)",3.5,,
15931,"ZIP 15931 (Ebensburg, PA)",3.5,,
15934,"ZIP 15934 (Elton, PA)",2.75,,
15935,"ZIP 15935 (Hollsopple, PA)",3,,
15936,"ZIP 15936 (Hooversville, PA)",3.25,,
15937,"ZIP 15937 (Jerome, PA)",3.5,,
15938,"ZIP 15938 (Lilly, PA)",3,,
15940,"ZIP 15940 (Loretto, PA)",3.75,,
15942,"ZIP 15942 (Mineral Point, PA)",3,,
15943,"ZIP 15943 (Nanty Glo, PA)",3,,
15944,"ZIP 15944 (New Florence, PA)",3,,
15945,"ZIP 15945 (Parkhill, PA)",2.67,,
15946,"ZIP 15946 (Portage, PA)",3,,
15948,"ZIP 15948 (Revloc, PA)",2.75,,
15949,"ZIP 15949 (Robinson, PA)",3,,
15951,"ZIP 15951 (Saint Michael, PA)",2,,
15952,"ZIP 15952 (Salix, PA)",3,,
15954,"ZIP 15954 (Seward, PA)",3,,
15955,"ZIP 15955 (Sidman, PA)",3,,
15956,"ZIP 15956 (South Fork, PA)",3,,
15957,"ZIP 15957 (Strongstown, PA)",3.5,,
15958,"ZIP 15958 (Summerhill, PA)",3,,
15960,"ZIP 15960 (Twin Rocks, PA)",2,,
15961,"ZIP 15961 (Vintondale, PA)",2.75,,
15962,"ZIP 15962 (Wilmore, PA)",2.67,,
15963,"ZIP 15963 (Windber, PA)",3,,
16001,"ZIP 16001 (Butler, PA)",3.25,,
16002,"ZIP 16002 (Butler, PA)",3.75,,
16020,"ZIP 16020 (Boyers, PA)",3,,
16022,"ZIP 16022 (Bruin, PA)",3.25,,
16023,"ZIP 16023 (Cabot, PA)",4,,
16024,"ZIP 16024 (Callery, PA)",3,,
16025,"ZIP 16025 (Chicora, PA)",3.75,,
16027,"ZIP 16027 (Connoquenessing, PA)",3.75,,
16028,"ZIP 16028 (East Brady, PA)",3,,
16029,"ZIP 16029 (East Butler, PA)",2.75,,
16030,"ZIP 16030 (Eau Claire, PA)",3,,
16033,"ZIP 16033 (Evans City, PA)",4,,
16034,"ZIP 16034 (Fenelton, PA)",3.5,,
16035,"ZIP 16035 (Forestville, PA)",2.75,,
16036,"ZIP 16036 (Foxburg, PA)",3,,
16037,"ZIP 16037 (Harmony, PA)",3.75,,
16038,"ZIP 16038 (Harrisville, PA)",3.25,,
16040,"ZIP 16040 (Hilliards, PA)",3.25,,
16041,"ZIP 16041 (Karns City, PA)",3,,
16045,"ZIP 16045 (Lyndora, PA)",2.75,,
16046,"ZIP 16046 (Mars, PA)",4.5,,
16048,"ZIP 16048 (North Washington, PA)",2.67,,
16049,"ZIP 16049 (Parker, PA)",3,,
16050,"ZIP 16050 (Petrolia, PA)",3,,
16051,"ZIP 16051 (Portersville, PA)",3,,
16052,"ZIP 16052 (Prospect, PA)",3.5,,
16053,"ZIP 16053 (Renfrew, PA)",4,,
16054,"ZIP 16054 (Saint Petersburg, PA)",3.25,,
16055,"ZIP 16055 (Sarver, PA)",3.75,,
16056,"ZIP 16056 (Saxonburg, PA)",3.75,,
16057,"ZIP 16057 (Slippery Rock, PA)",4,,
16059,"ZIP 16059 (Valencia, PA)",4,,
16061,"ZIP 16061 (West Sunbury, PA)",3.25,,
16063,"ZIP 16063 (Zelienople, PA)",3.75,,
16066,"ZIP 16066 (Cranberry Township, PA)",4.75,,
16101,"ZIP 16101 (New Castle, PA)",3,,
16102,"ZIP 16102 (New Castle, PA)",3,,
16105,"ZIP 16105 (New Castle, PA)",3,,
16110,"ZIP 16110 (Adamsville, PA)",3.25,,
16111,"ZIP 16111 (Atlantic, PA)",3.25,,
16112,"ZIP 16112 (Bessemer, PA)",3,,
16113,"ZIP 16113 (Clark, PA)",4,,
16114,"ZIP 16114 (Clarks Mills, PA)",3,,
16115,"ZIP 16115 (Darlington, PA)",3.25,,
16116,"ZIP 16116 (Edinburg, PA)",3,,
16117,"ZIP 16117 (Ellwood City, PA)",2.75,,
16120,"ZIP 16120 (Enon Valley, PA)",3,,
16121,"ZIP 16121 (Farrell, PA)",2.75,,
16123,"ZIP 16123 (Fombell, PA)",4,,
16124,"ZIP 16124 (Fredonia, PA)",3,,
16125,"ZIP 16125 (Greenville, PA)",3,,
16127,"ZIP 16127 (Grove City, PA)",3,,
16130,"ZIP 16130 (Hadley, PA)",3,,
16131,"ZIP 16131 (Hartstown, PA)",3,,
16132,"ZIP 16132 (Hillsville, PA)",3.5,,
16133,"ZIP 16133 (Jackson Center, PA)",3,,
16134,"ZIP 16134 (Jamestown, PA)",3,,
16136,"ZIP 16136 (Koppel, PA)",3,,
16137,"ZIP 16137 (Mercer, PA)",3,,
16140,"ZIP 16140 (New Bedford, PA)",2.5,,
16141,"ZIP 16141 (New Galilee, PA)",3,,
16142,"ZIP 16142 (New Wilmington, PA)",3.75,,
16143,"ZIP 16143 (Pulaski, PA)",3,,
16145,"ZIP 16145 (Sandy Lake, PA)",3.25,,
16146,"ZIP 16146 (Sharon, PA)",2.5,,
16148,"ZIP 16148 (Hermitage, PA)",3.25,,
16150,"ZIP 16150 (Sharpsville, PA)",3,,
16151,"ZIP 16151 (Sheakleyville, PA)",3,,
16153,"ZIP 16153 (Stoneboro, PA)",3,,
16154,"ZIP 16154 (Transfer, PA)",3,,
16155,"ZIP 16155 (Villa Maria, PA)",4,,
16156,"ZIP 16156 (Volant, PA)",3.25,,
16157,"ZIP 16157 (Wampum, PA)",3,,
16159,"ZIP 16159 (West Middlesex, PA)",3,,
16160,"ZIP 16160 (West Pittsburg, PA)",3,,
16161,"ZIP 16161 (Wheatland, PA)",2.5,,
16201,"ZIP 16201 (Kittanning, PA)",3,,
16210,"ZIP 16210 (Adrian, PA)",3.25,,
16212,"ZIP 16212 (Cadogan, PA)",3,,
16213,"ZIP 16213 (Callensburg, PA)",3,,
16214,"ZIP 16214 (Clarion, PA)",3,,
16217,"ZIP 16217 (Cooksburg, PA)",3.25,,
16218,"ZIP 16218 (Cowansville, PA)",3.25,,
16222,"ZIP 16222 (Dayton, PA)",3,,
16223,"ZIP 16223 (Distant, PA)",3,,
16224,"ZIP 16224 (Fairmount City, PA)",3,,
16226,"ZIP 16226 (Ford City, PA)",3,,
16228,"ZIP 16228 (Ford Cliff, PA)",3.25,,
16229,"ZIP 16229 (Freeport, PA)",3.25,,
16230,"ZIP 16230 (Hawthorn, PA)",3.25,,
16232,"ZIP 16232 (Knox, PA)",3,,
16233,"ZIP 16233 (Leeper, PA)",3.25,,
16234,"ZIP 16234 (Limestone, PA)",3,,
16235,"ZIP 16235 (Lucinda, PA)",3,,
16236,"ZIP 16236 (Mc Grann, PA)",3.5,,
16238,"ZIP 16238 (Manorville, PA)",3.5,,
16239,"ZIP 16239 (Marienville, PA)",3,,
16240,"ZIP 16240 (Mayport, PA)",3.25,,
16242,"ZIP 16242 (New Bethlehem, PA)",3,,
16244,"ZIP 16244 (Nu Mine, PA)",2.75,,
16245,"ZIP 16245 (Oak Ridge, PA)",2.75,,
16246,"ZIP 16246 (Plumville, PA)",3,,
16248,"ZIP 16248 (Rimersburg, PA)",3,,
16249,"ZIP 16249 (Rural Valley, PA)",3.5,,
16250,"ZIP 16250 (Sagamore, PA)",2.25,,
16253,"ZIP 16253 (Seminole, PA)",3,,
16254,"ZIP 16254 (Shippenville, PA)",3,,
16255,"ZIP 16255 (Sligo, PA)",3,,
16256,"ZIP 16256 (Smicksburg, PA)",3,,
16258,"ZIP 16258 (Strattanville, PA)",3,,
16259,"ZIP 16259 (Templeton, PA)",3.5,,
16260,"ZIP 16260 (Vowinckel, PA)",4.25,,
16262,"ZIP 16262 (Worthington, PA)",3,,
16263,"ZIP 16263 (Yatesboro, PA)",2.5,,
16301,"ZIP 16301 (Oil City, PA)",3,,
16311,"ZIP 16311 (Carlton, PA)",3,,
16313,"ZIP 16313 (Clarendon, PA)",3,,
16314,"ZIP 16314 (Cochranton, PA)",3,,
16316,"ZIP 16316 (Conneaut Lake, PA)",3,,
16317,"ZIP 16317 (Cooperstown, PA)",3,,
16319,"ZIP 16319 (Cranberry, PA)",3.25,,
16321,"ZIP 16321 (East Hickory, PA)",2.5,,
16322,"ZIP 16322 (Endeavor, PA)",2.5,,
16323,"ZIP 16323 (Franklin, PA)",3,,
16326,"ZIP 16326 (Fryburg, PA)",3.5,,
16327,"ZIP 16327 (Guys Mills, PA)",3,,
16328,"ZIP 16328 (Hydetown, PA)",2.33,,
16329,"ZIP 16329 (Irvine, PA)",3,,
16331,"ZIP 16331 (Kossuth, PA)",3,,
16333,"ZIP 16333 (Ludlow, PA)",2.25,,
16334,"ZIP 16334 (Marble, PA)",3,,
16335,"ZIP 16335 (Meadville, PA)",3,,
16340,"ZIP 16340 (Pittsfield, PA)",3,,
16341,"ZIP 16341 (Pleasantville, PA)",3,,
16342,"ZIP 16342 (Polk, PA)",3,,
16343,"ZIP 16343 (Reno, PA)",3.25,,
16344,"ZIP 16344 (Rouseville, PA)",2.25,,
16345,"ZIP 16345 (Russell, PA)",3,,
16346,"ZIP 16346 (Seneca, PA)",3,,
16347,"ZIP 16347 (Sheffield, PA)",3,,
16350,"ZIP 16350 (Sugar Grove, PA)",3.25,,
16351,"ZIP 16351 (Tidioute, PA)",3,,
16352,"ZIP 16352 (Tiona, PA)",2.5,,
16353,"ZIP 16353 (Tionesta, PA)",3,,
16354,"ZIP 16354 (Titusville, PA)",3,,
16360,"ZIP 16360 (Townville, PA)",3,,
16361,"ZIP 16361 (Tylersburg, PA)",3.25,,
16362,"ZIP 16362 (Utica, PA)",3.5,,
16364,"ZIP 16364 (Venus, PA)",3.25,,
16365,"ZIP 16365 (Warren, PA)",3,,
16370,"ZIP 16370 (West Hickory, PA)",2.75,,
16371,"ZIP 16371 (Youngsville, PA)",3,,
16372,"ZIP 16372 (Clintonville, PA)",2,,
16373,"ZIP 16373 (Emlenton, PA)",3,,
16374,"ZIP 16374 (Kennerdell, PA)",3.25,,
16401,"ZIP 16401 (Albion, PA)",3,,
16402,"ZIP 16402 (Bear Lake, PA)",3,,
16403,"ZIP 16403 (Cambridge Springs, PA)",3,,
16404,"ZIP 16404 (Centerville, PA)",3,,
16405,"ZIP 16405 (Columbus, PA)",3,,
16406,"ZIP 16406 (Conneautville, PA)",3.25,,
16407,"ZIP 16407 (Corry, PA)",3,,
16410,"ZIP 16410 (Cranesville, PA)",3,,
16411,"ZIP 16411 (East Springfield, PA)",3,,
16412,"ZIP 16412 (Edinboro, PA)",3.75,,
16415,"ZIP 16415 (Fairview, PA)",3.75,,
16416,"ZIP 16416 (Garland, PA)",2.25,,
16417,"ZIP 16417 (Girard, PA)",3,,
16420,"ZIP 16420 (Grand Valley, PA)",3.25,,
16421,"ZIP 16421 (Harborcreek, PA)",3.25,,
16422,"ZIP 16422 (Harmonsburg, PA)",3.25,,
16423,"ZIP 16423 (Lake City, PA)",3,,
16424,"ZIP 16424 (Linesville, PA)",3,,
16426,"ZIP 16426 (Mc Kean, PA)",3.25,,
16427,"ZIP 16427 (Mill Village, PA)",2.75,,
16428,"ZIP 16428 (North East, PA)",3.25,,
16433,"ZIP 16433 (Saegertown, PA)",3,,
16434,"ZIP 16434 (Spartansburg, PA)",3.25,,
16435,"ZIP 16435 (Springboro, PA)",3,,
16436,"ZIP 16436 (Spring Creek, PA)",3.25,,
16438,"ZIP 16438 (Union City, PA)",3,,
16440,"ZIP 16440 (Venango, PA)",3.25,,
16441,"ZIP 16441 (Waterford, PA)",4,,
16442,"ZIP 16442 (Wattsburg, PA)",3.25,,
16443,"ZIP 16443 (West Springfield, PA)",3,,
16501,"ZIP 16501 (Erie, PA)",6,,
16502,"ZIP 16502 (Erie, PA)",3,,
16503,"ZIP 16503 (Erie, PA)",2.25,,
16504,"ZIP 16504 (Erie, PA)",3,,
16505,"ZIP 16505 (Erie, PA)",3.25,,
16506,"ZIP 16506 (Erie, PA)",3.75,,
16507,"ZIP 16507 (Erie, PA)",2.75,,
16508,"ZIP 16508 (Erie, PA)",3,,
16509,"ZIP 16509 (Erie, PA)",3.25,,
16510,"ZIP 16510 (Erie, PA)",3,,
16511,"ZIP 16511 (Erie, PA)",3,,
16601,"ZIP 16601 (Altoona, PA)",3,,
16602,"ZIP 16602 (Altoona, PA)",3,,
16611,"ZIP 16611 (Alexandria, PA)",3.25,,
16613,"ZIP 16613 (Ashville, PA)",3,,
16616,"ZIP 16616 (Beccaria, PA)",3.5,,
16617,"ZIP 16617 (Bellwood, PA)",3,,
16619,"ZIP 16619 (Blandburg, PA)",2.25,,
16620,"ZIP 16620 (Brisbin, PA)",3.25,,
16621,"ZIP 16621 (Broad Top, PA)",3.25,,
16623,"ZIP 16623 (Cassville, PA)",3.25,,
16624,"ZIP 16624 (Chest Springs, PA)",3,,
16625,"ZIP 16625 (Claysburg, PA)",3,,
16627,"ZIP 16627 (Coalport, PA)",3,,
16630,"ZIP 16630 (Cresson, PA)",3,,
16631,"ZIP 16631 (Curryville, PA)",3,,
16633,"ZIP 16633 (Defiance, PA)",3,,
16634,"ZIP 16634 (Dudley, PA)",3,,
16635,"ZIP 16635 (Duncansville, PA)",3.5,,
16636,"ZIP 16636 (Dysart, PA)",3,,
16637,"ZIP 16637 (East Freedom, PA)",3.25,,
16638,"ZIP 16638 (Entriken, PA)",3.5,,
16639,"ZIP 16639 (Fallentimber, PA)",3,,
16640,"ZIP 16640 (Flinton, PA)",3,,
16641,"ZIP 16641 (Gallitzin, PA)",3,,
16645,"ZIP 16645 (Glen Hope, PA)",3,,
16646,"ZIP 16646 (Hastings, PA)",3,,
16647,"ZIP 16647 (Hesston, PA)",3.75,,
16648,"ZIP 16648 (Hollidaysburg, PA)",3.75,,
16650,"ZIP 16650 (Hopewell, PA)",3.25,,
16651,"ZIP 16651 (Houtzdale, PA)",3,,
16652,"ZIP 16652 (Huntingdon, PA)",3.25,,
16655,"ZIP 16655 (Imler, PA)",3.25,,
16656,"ZIP 16656 (Irvona, PA)",3,,
16657,"ZIP 16657 (James Creek, PA)",3.25,,
16659,"ZIP 16659 (Loysburg, PA)",3.25,,
16661,"ZIP 16661 (Madera, PA)",2.5,,
16662,"ZIP 16662 (Martinsburg, PA)",3.5,,
16663,"ZIP 16663 (Morann, PA)",3,,
16664,"ZIP 16664 (New Enterprise, PA)",3,,
16665,"ZIP 16665 (Newry, PA)",3,,
16666,"ZIP 16666 (Osceola Mills, PA)",3.25,,
16667,"ZIP 16667 (Osterburg, PA)",3,,
16668,"ZIP 16668 (Patton, PA)",3,,
16669,"ZIP 16669 (Petersburg, PA)",3,,
16671,"ZIP 16671 (Ramey, PA)",3.25,,
16672,"ZIP 16672 (Riddlesburg, PA)",2.25,,
16673,"ZIP 16673 (Roaring Spring, PA)",3,,
16674,"ZIP 16674 (Robertsdale, PA)",3.25,,
16677,"ZIP 16677 (Sandy Ridge, PA)",3,,
16678,"ZIP 16678 (Saxton, PA)",3,,
16679,"ZIP 16679 (Six Mile Run, PA)",3.25,,
16680,"ZIP 16680 (Smithmill, PA)",3,,
16681,"ZIP 16681 (Smokerun, PA)",3,,
16683,"ZIP 16683 (Spruce Creek, PA)",3.5,,
16685,"ZIP 16685 (Todd, PA)",3.25,,
16686,"ZIP 16686 (Tyrone, PA)",3,,
16689,"ZIP 16689 (Waterfall, PA)",3.25,,
16692,"ZIP 16692 (Westover, PA)",3.25,,
16693,"ZIP 16693 (Williamsburg, PA)",3,,
16695,"ZIP 16695 (Woodbury, PA)",3,,
16701,"ZIP 16701 (Bradford, PA)",3,,
16720,"ZIP 16720 (Austin, PA)",2.75,,
16724,"ZIP 16724 (Crosby, PA)",2.5,,
16725,"ZIP 16725 (Custer City, PA)",3,,
16726,"ZIP 16726 (Cyclone, PA)",3,,
16727,"ZIP 16727 (Derrick City, PA)",3,,
16729,"ZIP 16729 (Duke Center, PA)",3,,
16730,"ZIP 16730 (East Smethport, PA)",3,,
16731,"ZIP 16731 (Eldred, PA)",2.75,,
16732,"ZIP 16732 (Gifford, PA)",3,,
16733,"ZIP 16733 (Hazel Hurst, PA)",3,,
16734,"ZIP 16734 (James City, PA)",2.25,,
16735,"ZIP 16735 (Kane, PA)",3,,
16738,"ZIP 16738 (Lewis Run, PA)",3,,
16740,"ZIP 16740 (Mount Jewett, PA)",3,,
16743,"ZIP 16743 (Port Allegany, PA)",3,,
16744,"ZIP 16744 (Rew, PA)",2.75,,
16745,"ZIP 16745 (Rixford, PA)",3,,
16746,"ZIP 16746 (Roulette, PA)",3,,
16748,"ZIP 16748 (Shinglehouse, PA)",3,,
16749,"ZIP 16749 (Smethport, PA)",3,,
16750,"ZIP 16750 (Turtlepoint, PA)",3,,
16801,"ZIP 16801 (State College, PA)",4.5,,
16803,"ZIP 16803 (State College, PA)",4.75,,
16820,"ZIP 16820 (Aaronsburg, PA)",3.75,,
16821,"ZIP 16821 (Allport, PA)",2,,
16822,"ZIP 16822 (Beech Creek, PA)",3,,
16823,"ZIP 16823 (Bellefonte, PA)",4,,
16825,"ZIP 16825 (Bigler, PA)",3,,
16826,"ZIP 16826 (Blanchard, PA)",3.25,,
16827,"ZIP 16827 (Boalsburg, PA)",4.25,,
16828,"ZIP 16828 (Centre Hall, PA)",4,,
16829,"ZIP 16829 (Clarence, PA)",3,,
16830,"ZIP 16830 (Clearfield, PA)",3,,
16832,"ZIP 16832 (Coburn, PA)",3.75,,
16833,"ZIP 16833 (Curwensville, PA)",3,,
16834,"ZIP 16834 (Drifting, PA)",3,,
16835,"ZIP 16835 (Fleming, PA)",2.67,,
16836,"ZIP 16836 (Frenchville, PA)",3.25,,
16837,"ZIP 16837 (Glen Richey, PA)",2.25,,
16838,"ZIP 16838 (Grampian, PA)",3,,
16839,"ZIP 16839 (Grassflat, PA)",2.75,,
16840,"ZIP 16840 (Hawk Run, PA)",2.75,,
16841,"ZIP 16841 (Howard, PA)",3.25,,
16843,"ZIP 16843 (Hyde, PA)",2.25,,
16844,"ZIP 16844 (Julian, PA)",4,,
16845,"ZIP 16845 (Karthaus, PA)",3,,
16847,"ZIP 16847 (Kylertown, PA)",3,,
16848,"ZIP 16848 (Lamar, PA)",3,,
16849,"ZIP 16849 (Lanse, PA)",3.5,,
16851,"ZIP 16851 (Lemont, PA)",3.75,,
16852,"ZIP 16852 (Madisonburg, PA)",3.5,,
16853,"ZIP 16853 (Milesburg, PA)",3.5,,
16854,"ZIP 16854 (Millheim, PA)",3.25,,
16855,"ZIP 16855 (Mineral Springs, PA)",3,,
16856,"ZIP 16856 (Mingoville, PA)",3,,
16858,"ZIP 16858 (Morrisdale, PA)",3,,
16859,"ZIP 16859 (Moshannon, PA)",3.25,,
16860,"ZIP 16860 (Munson, PA)",4.25,,
16861,"ZIP 16861 (New Millport, PA)",2.5,,
16863,"ZIP 16863 (Olanta, PA)",3,,
16865,"ZIP 16865 (Pennsylvania Furnace, PA)",3.75,,
16866,"ZIP 16866 (Philipsburg, PA)",3,,
16868,"ZIP 16868 (Pine Grove Mills, PA)",3.33,,
16870,"ZIP 16870 (Port Matilda, PA)",4.5,,
16872,"ZIP 16872 (Rebersburg, PA)",3.5,,
16873,"ZIP 16873 (Shawville, PA)",#DIV/0!,,
16874,"ZIP 16874 (Snow Shoe, PA)",3,,
16875,"ZIP 16875 (Spring Mills, PA)",4,,
16876,"ZIP 16876 (Wallaceton, PA)",3.25,,
16877,"ZIP 16877 (Warriors Mark, PA)",3.75,,
16878,"ZIP 16878 (West Decatur, PA)",3.25,,
16879,"ZIP 16879 (Winburne, PA)",3,,
16881,"ZIP 16881 (Woodland, PA)",3,,
16882,"ZIP 16882 (Woodward, PA)",3.75,,
16901,"ZIP 16901 (Wellsboro, PA)",3.25,,
16911,"ZIP 16911 (Arnot, PA)",3.5,,
16912,"ZIP 16912 (Blossburg, PA)",3.25,,
16914,"ZIP 16914 (Columbia Cross Roads, PA)",3.25,,
16915,"ZIP 16915 (Coudersport, PA)",3.25,,
16917,"ZIP 16917 (Covington, PA)",3.25,,
16920,"ZIP 16920 (Elkland, PA)",3,,
16921,"ZIP 16921 (Gaines, PA)",3.25,,
16922,"ZIP 16922 (Galeton, PA)",3,,
16923,"ZIP 16923 (Genesee, PA)",3.5,,
16925,"ZIP 16925 (Gillett, PA)",3,,
16926,"ZIP 16926 (Granville Summit, PA)",4,,
16927,"ZIP 16927 (Harrison Valley, PA)",3,,
16928,"ZIP 16928 (Knoxville, PA)",3.25,,
16929,"ZIP 16929 (Lawrenceville, PA)",3.25,,
16930,"ZIP 16930 (Liberty, PA)",3.25,,
16932,"ZIP 16932 (Mainesburg, PA)",3.75,,
16933,"ZIP 16933 (Mansfield, PA)",3.25,,
16935,"ZIP 16935 (Middlebury Center, PA)",3.25,,
16936,"ZIP 16936 (Millerton, PA)",3,,
16937,"ZIP 16937 (Mills, PA)",2.25,,
16938,"ZIP 16938 (Morris, PA)",3.25,,
16939,"ZIP 16939 (Morris Run, PA)",3.5,,
16940,"ZIP 16940 (Nelson, PA)",2.75,,
16941,"ZIP 16941 (Genesee, PA)",3,,
16942,"ZIP 16942 (Osceola, PA)",3.25,,
16943,"ZIP 16943 (Sabinsville, PA)",3.5,,
16946,"ZIP 16946 (Tioga, PA)",3.25,,
16947,"ZIP 16947 (Troy, PA)",3.25,,
16948,"ZIP 16948 (Ulysses, PA)",3.25,,
16950,"ZIP 16950 (Westfield, PA)",3.25,,
17002,"ZIP 17002 (Allensville, PA)",3.25,,
17003,"ZIP 17003 (Annville, PA)",4,,
17004,"ZIP 17004 (Belleville, PA)",3,,
17005,"ZIP 17005 (Berrysburg, PA)",3.25,,
17006,"ZIP 17006 (Blain, PA)",3.75,,
17007,"ZIP 17007 (Boiling Springs, PA)",4,,
17009,"ZIP 17009 (Burnham, PA)",3,,
17010,"ZIP 17010 (Campbelltown, PA)",4,,
17011,"ZIP 17011 (Camp Hill, PA)",3.75,,
17013,"ZIP 17013 (Carlisle, PA)",3.75,,
17015,"ZIP 17015 (Carlisle, PA)",3.33,,
17016,"ZIP 17016 (Cornwall, PA)",3.5,,
17017,"ZIP 17017 (Dalmatia, PA)",3,,
17018,"ZIP 17018 (Dauphin, PA)",3.75,,
17019,"ZIP 17019 (Dillsburg, PA)",3.75,,
17020,"ZIP 17020 (Duncannon, PA)",3.75,,
17021,"ZIP 17021 (East Waterford, PA)",3.25,,
17022,"ZIP 17022 (Elizabethtown, PA)",3.75,,
17023,"ZIP 17023 (Elizabethville, PA)",3.25,,
17024,"ZIP 17024 (Elliottsburg, PA)",4,,
17025,"ZIP 17025 (Enola, PA)",3.75,,
17026,"ZIP 17026 (Fredericksburg, PA)",4,,
17027,"ZIP 17027 (Grantham, PA)",3.75,,
17028,"ZIP 17028 (Grantville, PA)",4,,
17029,"ZIP 17029 (Granville, PA)",2.75,,
17030,"ZIP 17030 (Gratz, PA)",2.67,,
17032,"ZIP 17032 (Halifax, PA)",4,,
17033,"ZIP 17033 (Hershey, PA)",4.5,,
17034,"ZIP 17034 (Highspire, PA)",3,,
17035,"ZIP 17035 (Honey Grove, PA)",3.25,,
17036,"ZIP 17036 (Hummelstown, PA)",3.75,,
17037,"ZIP 17037 (Ickesburg, PA)",3.5,,
17038,"ZIP 17038 (Jonestown, PA)",3.75,,
17040,"ZIP 17040 (Landisburg, PA)",4,,
17041,"ZIP 17041 (Lawn, PA)",4.5,,
17042,"ZIP 17042 (Lebanon, PA)",3.75,,
17043,"ZIP 17043 (Lemoyne, PA)",3.25,,
17044,"ZIP 17044 (Lewistown, PA)",3,,
17045,"ZIP 17045 (Liverpool, PA)",3.5,,
17046,"ZIP 17046 (Lebanon, PA)",3.25,,
17047,"ZIP 17047 (Loysville, PA)",3.75,,
17048,"ZIP 17048 (Lykens, PA)",3,,
17049,"ZIP 17049 (Mc Alisterville, PA)",3.25,,
17050,"ZIP 17050 (Mechanicsburg, PA)",3.67,,
17051,"ZIP 17051 (Mc Veytown, PA)",3,,
17052,"ZIP 17052 (Mapleton Depot, PA)",3.25,,
17053,"ZIP 17053 (Marysville, PA)",3.75,,
17055,"ZIP 17055 (Mechanicsburg, PA)",3.75,,
17056,"ZIP 17056 (Mexico, PA)",2.67,,
17057,"ZIP 17057 (Middletown, PA)",3,,
17058,"ZIP 17058 (Mifflin, PA)",3,,
17059,"ZIP 17059 (Mifflintown, PA)",3.25,,
17060,"ZIP 17060 (Mill Creek, PA)",3,,
17061,"ZIP 17061 (Millersburg, PA)",3,,
17062,"ZIP 17062 (Millerstown, PA)",4,,
17063,"ZIP 17063 (Milroy, PA)",3,,
17064,"ZIP 17064 (Mount Gretna, PA)",4.75,,
17065,"ZIP 17065 (Mount Holly Springs, PA)",4,,
17066,"ZIP 17066 (Mount Union, PA)",3,,
17067,"ZIP 17067 (Myerstown, PA)",3.75,,
17068,"ZIP 17068 (New Bloomfield, PA)",3.75,,
17069,"ZIP 17069 (New Buffalo, PA)",3,,
17070,"ZIP 17070 (New Cumberland, PA)",3.75,,
17072,"ZIP 17072 (New Kingstown, PA)",3,,
17073,"ZIP 17073 (Newmanstown, PA)",3.75,,
17074,"ZIP 17074 (Newport, PA)",3.75,,
17075,"ZIP 17075 (Newton Hamilton, PA)",2.25,,
17076,"ZIP 17076 (Oakland Mills, PA)",5,,
17077,"ZIP 17077 (Ono, PA)",4,,
17078,"ZIP 17078 (Palmyra, PA)",3.75,,
17080,"ZIP 17080 (Pillow, PA)",3.25,,
17081,"ZIP 17081 (Plainfield, PA)",3.5,,
17082,"ZIP 17082 (Port Royal, PA)",3.25,,
17083,"ZIP 17083 (Quentin, PA)",4,,
17084,"ZIP 17084 (Reedsville, PA)",3.5,,
17086,"ZIP 17086 (Richfield, PA)",3.25,,
17087,"ZIP 17087 (Richland, PA)",4,,
17088,"ZIP 17088 (Schaefferstown, PA)",3.75,,
17090,"ZIP 17090 (Shermans Dale, PA)",4,,
17093,"ZIP 17093 (Summerdale, PA)",3.5,,
17094,"ZIP 17094 (Thompsontown, PA)",3,,
17097,"ZIP 17097 (Wiconisco, PA)",3,,
17098,"ZIP 17098 (Williamstown, PA)",3,,
17099,"ZIP 17099 (Yeagertown, PA)",2.75,,
17101,"ZIP 17101 (Harrisburg, PA)",3.75,,
17102,"ZIP 17102 (Harrisburg, PA)",3.25,,
17103,"ZIP 17103 (Harrisburg, PA)",3,,
17104,"ZIP 17104 (Harrisburg, PA)",3,,
17109,"ZIP 17109 (Harrisburg, PA)",3.75,,
17110,"ZIP 17110 (Harrisburg, PA)",3.75,,
17111,"ZIP 17111 (Harrisburg, PA)",3.75,,
17112,"ZIP 17112 (Harrisburg, PA)",3.75,,
17113,"ZIP 17113 (Harrisburg, PA)",3,,
17201,"ZIP 17201 (Chambersburg, PA)",4,,
17202,"ZIP 17202 (Chambersburg, PA)",3.33,,
17210,"ZIP 17210 (Amberson, PA)",3.33,,
17211,"ZIP 17211 (Artemas, PA)",3.5,,
17212,"ZIP 17212 (Big Cove Tannery, PA)",3.75,,
17213,"ZIP 17213 (Blairs Mills, PA)",3.5,,
17214,"ZIP 17214 (Blue Ridge Summit, PA)",3.75,,
17215,"ZIP 17215 (Burnt Cabins, PA)",4,,
17217,"ZIP 17217 (Concord, PA)",2.67,,
17219,"ZIP 17219 (Doylesburg, PA)",3.25,,
17220,"ZIP 17220 (Dry Run, PA)",3.75,,
17221,"ZIP 17221 (Fannettsburg, PA)",3.25,,
17222,"ZIP 17222 (Fayetteville, PA)",4,,
17223,"ZIP 17223 (Fort Littleton, PA)",4.25,,
17224,"ZIP 17224 (Fort Loudon, PA)",3.75,,
17225,"ZIP 17225 (Greencastle, PA)",4,,
17228,"ZIP 17228 (Harrisonville, PA)",3.25,,
17229,"ZIP 17229 (Hustontown, PA)",3,,
17233,"ZIP 17233 (Mc Connellsburg, PA)",3.5,,
17235,"ZIP 17235 (Marion, PA)",4.25,,
17236,"ZIP 17236 (Mercersburg, PA)",4,,
17237,"ZIP 17237 (Mont Alto, PA)",3.25,,
17238,"ZIP 17238 (Needmore, PA)",3.75,,
17239,"ZIP 17239 (Neelyton, PA)",3.25,,
17240,"ZIP 17240 (Newburg, PA)",4,,
17241,"ZIP 17241 (Newville, PA)",4,,
17243,"ZIP 17243 (Orbisonia, PA)",3.25,,
17244,"ZIP 17244 (Orrstown, PA)",4,,
17246,"ZIP 17246 (Pleasant Hall, PA)",3.33,,
17249,"ZIP 17249 (Rockhill Furnace, PA)",3,,
17251,"ZIP 17251 (Roxbury, PA)",3,,
17252,"ZIP 17252 (Saint Thomas, PA)",3.75,,
17253,"ZIP 17253 (Saltillo, PA)",3.25,,
17254,"ZIP 17254 (Scotland, PA)",3,,
17255,"ZIP 17255 (Shade Gap, PA)",3,,
17257,"ZIP 17257 (Shippensburg, PA)",4,,
17260,"ZIP 17260 (Shirleysburg, PA)",3,,
17262,"ZIP 17262 (Spring Run, PA)",3.5,,
17263,"ZIP 17263 (State Line, PA)",3.33,,
17264,"ZIP 17264 (Three Springs, PA)",3.25,,
17265,"ZIP 17265 (Upperstrasburg, PA)",3.25,,
17266,"ZIP 17266 (Walnut Bottom, PA)",4,,
17267,"ZIP 17267 (Warfordsburg, PA)",3.75,,
17268,"ZIP 17268 (Waynesboro, PA)",4,,
17271,"ZIP 17271 (Willow Hill, PA)",3.5,,
17272,"ZIP 17272 (Zullinger, PA)",2.67,,
17301,"ZIP 17301 (Abbottstown, PA)",3.75,,
17302,"ZIP 17302 (Airville, PA)",3.75,,
17304,"ZIP 17304 (Aspers, PA)",4,,
17306,"ZIP 17306 (Bendersville, PA)",3.5,,
17307,"ZIP 17307 (Biglerville, PA)",4,,
17309,"ZIP 17309 (Brogue, PA)",4,,
17311,"ZIP 17311 (Codorus, PA)",3.5,,
17313,"ZIP 17313 (Dallastown, PA)",3.75,,
17314,"ZIP 17314 (Delta, PA)",3.75,,
17315,"ZIP 17315 (Dover, PA)",3.75,,
17316,"ZIP 17316 (East Berlin, PA)",3.75,,
17317,"ZIP 17317 (East Prospect, PA)",3.25,,
17318,"ZIP 17318 (Emigsville, PA)",3,,
17319,"ZIP 17319 (Etters, PA)",3.75,,
17320,"ZIP 17320 (Fairfield, PA)",4,,
17321,"ZIP 17321 (Fawn Grove, PA)",4.25,,
17322,"ZIP 17322 (Felton, PA)",3.75,,
17324,"ZIP 17324 (Gardners, PA)",4,,
17325,"ZIP 17325 (Gettysburg, PA)",4,,
17327,"ZIP 17327 (Glen Rock, PA)",4.25,,
17329,"ZIP 17329 (Glenville, PA)",4.75,,
17331,"ZIP 17331 (Hanover, PA)",4,,
17339,"ZIP 17339 (Lewisberry, PA)",4,,
17340,"ZIP 17340 (Littlestown, PA)",4,,
17343,"ZIP 17343 (Mc Knightstown, PA)",4,,
17344,"ZIP 17344 (Mc Sherrystown, PA)",4,,
17345,"ZIP 17345 (Manchester, PA)",3.5,,
17347,"ZIP 17347 (Mount Wolf, PA)",4,,
17349,"ZIP 17349 (New Freedom, PA)",4.5,,
17350,"ZIP 17350 (New Oxford, PA)",4,,
17352,"ZIP 17352 (New Park, PA)",4.25,,
17353,"ZIP 17353 (Orrtanna, PA)",4,,
17355,"ZIP 17355 (Railroad, PA)",3.75,,
17356,"ZIP 17356 (Red Lion, PA)",3.75,,
17360,"ZIP 17360 (Seven Valleys, PA)",3.75,,
17361,"ZIP 17361 (Shrewsbury, PA)",3.75,,
17362,"ZIP 17362 (Spring Grove, PA)",3.75,,
17363,"ZIP 17363 (Stewartstown, PA)",3.75,,
17364,"ZIP 17364 (Thomasville, PA)",4,,
17365,"ZIP 17365 (Wellsville, PA)",4.25,,
17366,"ZIP 17366 (Windsor, PA)",3,,
17368,"ZIP 17368 (Wrightsville, PA)",3.5,,
17370,"ZIP 17370 (York Haven, PA)",3.75,,
17371,"ZIP 17371 (York New Salem, PA)",3.33,,
17372,"ZIP 17372 (York Springs, PA)",4,,
17401,"ZIP 17401 (York, PA)",2.75,,
17402,"ZIP 17402 (York, PA)",3.75,,
17403,"ZIP 17403 (York, PA)",4,,
17404,"ZIP 17404 (York, PA)",3.25,,
17406,"ZIP 17406 (York, PA)",3.75,,
17407,"ZIP 17407 (York, PA)",3.75,,
17408,"ZIP 17408 (York, PA)",3.33,,
17501,"ZIP 17501 (Akron, PA)",3.75,,
17502,"ZIP 17502 (Bainbridge, PA)",3.75,,
17505,"ZIP 17505 (Bird In Hand, PA)",4.5,,
17508,"ZIP 17508 (Brownstown, PA)",4,,
17509,"ZIP 17509 (Christiana, PA)",4,,
17512,"ZIP 17512 (Columbia, PA)",3,,
17516,"ZIP 17516 (Conestoga, PA)",4,,
17517,"ZIP 17517 (Denver, PA)",3.75,,
17518,"ZIP 17518 (Drumore, PA)",3.75,,
17519,"ZIP 17519 (East Earl, PA)",4.25,,
17520,"ZIP 17520 (East Petersburg, PA)",3.75,,
17522,"ZIP 17522 (Ephrata, PA)",3.75,,
17527,"ZIP 17527 (Gap, PA)",4,,
17529,"ZIP 17529 (Gordonville, PA)",4.5,,
17532,"ZIP 17532 (Holtwood, PA)",3.75,,
17535,"ZIP 17535 (Kinzers, PA)",4.75,,
17536,"ZIP 17536 (Kirkwood, PA)",4.75,,
17538,"ZIP 17538 (Landisville, PA)",4,,
17540,"ZIP 17540 (Leola, PA)",3.75,,
17543,"ZIP 17543 (Lititz, PA)",4,,
17545,"ZIP 17545 (Manheim, PA)",3.75,,
17547,"ZIP 17547 (Marietta, PA)",4,,
17550,"ZIP 17550 (Maytown, PA)",3.33,,
17551,"ZIP 17551 (Millersville, PA)",3.75,,
17552,"ZIP 17552 (Mount Joy, PA)",3.75,,
17554,"ZIP 17554 (Mountville, PA)",3.75,,
17555,"ZIP 17555 (Narvon, PA)",4.5,,
17557,"ZIP 17557 (New Holland, PA)",4,,
17560,"ZIP 17560 (New Providence, PA)",3.75,,
17562,"ZIP 17562 (Paradise, PA)",4,,
17563,"ZIP 17563 (Peach Bottom, PA)",4,,
17565,"ZIP 17565 (Pequea, PA)",4,,
17566,"ZIP 17566 (Quarryville, PA)",3.75,,
17569,"ZIP 17569 (Reinholds, PA)",3.75,,
17570,"ZIP 17570 (Rheems, PA)",3,,
17572,"ZIP 17572 (Ronks, PA)",3.75,,
17576,"ZIP 17576 (Smoketown, PA)",4,,
17578,"ZIP 17578 (Stevens, PA)",3.75,,
17579,"ZIP 17579 (Strasburg, PA)",3.75,,
17581,"ZIP 17581 (Terre Hill, PA)",4,,
17582,"ZIP 17582 (Washington Boro, PA)",4,,
17584,"ZIP 17584 (Willow Street, PA)",3.75,,
17601,"ZIP 17601 (Lancaster, PA)",3.75,,
17602,"ZIP 17602 (Lancaster, PA)",4,,
17603,"ZIP 17603 (Lancaster, PA)",3.75,,
17606,"ZIP 17606 (Lancaster, PA)",4,,
17701,"ZIP 17701 (Williamsport, PA)",3,,
17702,"ZIP 17702 (Williamsport, PA)",3,,
17721,"ZIP 17721 (Avis, PA)",3,,
17724,"ZIP 17724 (Canton, PA)",3.25,,
17727,"ZIP 17727 (Cedar Run, PA)",3.33,,
17728,"ZIP 17728 (Cogan Station, PA)",3,,
17729,"ZIP 17729 (Cross Fork, PA)",2.75,,
17730,"ZIP 17730 (Dewart, PA)",3,,
17731,"ZIP 17731 (Eagles Mere, PA)",5.75,,
17737,"ZIP 17737 (Hughesville, PA)",3.5,,
17740,"ZIP 17740 (Jersey Shore, PA)",3.25,,
17742,"ZIP 17742 (Lairdsville, PA)",3,,
17744,"ZIP 17744 (Linden, PA)",3,,
17745,"ZIP 17745 (Lock Haven, PA)",3,,
17747,"ZIP 17747 (Loganton, PA)",3.25,,
17748,"ZIP 17748 (Mc Elhattan, PA)",2.5,,
17749,"ZIP 17749 (Mc Ewensville, PA)",2.75,,
17750,"ZIP 17750 (Mackeyville, PA)",3.25,,
17751,"ZIP 17751 (Mill Hall, PA)",3,,
17752,"ZIP 17752 (Montgomery, PA)",3.25,,
17754,"ZIP 17754 (Montoursville, PA)",4,,
17756,"ZIP 17756 (Muncy, PA)",3.25,,
17758,"ZIP 17758 (Muncy Valley, PA)",3.25,,
17760,"ZIP 17760 (North Bend, PA)",3.25,,
17762,"ZIP 17762 (Picture Rocks, PA)",3.25,,
17763,"ZIP 17763 (Ralston, PA)",3.25,,
17764,"ZIP 17764 (Renovo, PA)",2.25,,
17765,"ZIP 17765 (Roaring Branch, PA)",3.5,,
17768,"ZIP 17768 (Shunk, PA)",3.75,,
17771,"ZIP 17771 (Trout Run, PA)",3.5,,
17772,"ZIP 17772 (Turbotville, PA)",3.25,,
17774,"ZIP 17774 (Unityville, PA)",3.25,,
17776,"ZIP 17776 (Waterville, PA)",3.5,,
17777,"ZIP 17777 (Watsontown, PA)",3.25,,
17778,"ZIP 17778 (Westport, PA)",3,,
17779,"ZIP 17779 (Woolrich, PA)",3,,
17801,"ZIP 17801 (Sunbury, PA)",3,,
17810,"ZIP 17810 (Allenwood, PA)",3.5,,
17812,"ZIP 17812 (Beaver Springs, PA)",3,,
17813,"ZIP 17813 (Beavertown, PA)",3,,
17814,"ZIP 17814 (Benton, PA)",3.5,,
17815,"ZIP 17815 (Bloomsburg, PA)",3.75,,
17820,"ZIP 17820 (Catawissa, PA)",3.25,,
17821,"ZIP 17821 (Danville, PA)",4,,
17823,"ZIP 17823 (Dornsife, PA)",3.5,,
17824,"ZIP 17824 (Elysburg, PA)",3.75,,
17827,"ZIP 17827 (Freeburg, PA)",3,,
17829,"ZIP 17829 (Hartleton, PA)",3,,
17830,"ZIP 17830 (Herndon, PA)",3,,
17832,"ZIP 17832 (Marion Heights, PA)",3,,
17833,"ZIP 17833 (Kreamer, PA)",3,,
17834,"ZIP 17834 (Kulpmont, PA)",3.25,,
17835,"ZIP 17835 (Laurelton, PA)",2.75,,
17836,"ZIP 17836 (Leck Kill, PA)",3.5,,
17837,"ZIP 17837 (Lewisburg, PA)",3.75,,
17840,"ZIP 17840 (Locust Gap, PA)",2.5,,
17841,"ZIP 17841 (Mc Clure, PA)",3,,
17842,"ZIP 17842 (Middleburg, PA)",3,,
17844,"ZIP 17844 (Mifflinburg, PA)",4,,
17845,"ZIP 17845 (Millmont, PA)",3.25,,
17846,"ZIP 17846 (Millville, PA)",3.75,,
17847,"ZIP 17847 (Milton, PA)",3,,
17850,"ZIP 17850 (Montandon, PA)",2.5,,
17851,"ZIP 17851 (Mount Carmel, PA)",2.25,,
17853,"ZIP 17853 (Mount Pleasant Mills, PA)",3.75,,
17855,"ZIP 17855 (New Berlin, PA)",3,,
17856,"ZIP 17856 (New Columbia, PA)",3.5,,
17857,"ZIP 17857 (Northumberland, PA)",3,,
17859,"ZIP 17859 (Orangeville, PA)",3.25,,
17860,"ZIP 17860 (Paxinos, PA)",3.75,,
17861,"ZIP 17861 (Paxtonville, PA)",3.5,,
17862,"ZIP 17862 (Penns Creek, PA)",3.25,,
17864,"ZIP 17864 (Port Trevorton, PA)",3.75,,
17865,"ZIP 17865 (Potts Grove, PA)",2.75,,
17866,"ZIP 17866 (Coal Township, PA)",2.75,,
17867,"ZIP 17867 (Rebuck, PA)",4,,
17868,"ZIP 17868 (Riverside, PA)",4,,
17870,"ZIP 17870 (Selinsgrove, PA)",3.5,,
17872,"ZIP 17872 (Shamokin, PA)",2.5,,
17876,"ZIP 17876 (Shamokin Dam, PA)",2.67,,
17878,"ZIP 17878 (Stillwater, PA)",3.75,,
17880,"ZIP 17880 (Swengel, PA)",2.67,,
17881,"ZIP 17881 (Trevorton, PA)",3,,
17884,"ZIP 17884 (Washingtonville, PA)",2.75,,
17886,"ZIP 17886 (West Milton, PA)",2.75,,
17887,"ZIP 17887 (White Deer, PA)",2,,
17888,"ZIP 17888 (Wilburton, PA)",3,,
17889,"ZIP 17889 (Winfield, PA)",4,,
17901,"ZIP 17901 (Pottsville, PA)",3,,
17920,"ZIP 17920 (Aristes, PA)",3,,
17921,"ZIP 17921 (Ashland, PA)",3,,
17922,"ZIP 17922 (Auburn, PA)",3.75,,
17923,"ZIP 17923 (Branchdale, PA)",2.25,,
17925,"ZIP 17925 (Brockton, PA)",3,,
17929,"ZIP 17929 (Cressona, PA)",3,,
17930,"ZIP 17930 (Cumbola, PA)",3,,
17931,"ZIP 17931 (Frackville, PA)",3,,
17933,"ZIP 17933 (Friedensburg, PA)",3,,
17934,"ZIP 17934 (Gilberton, PA)",2.25,,
17935,"ZIP 17935 (Girardville, PA)",2,,
17936,"ZIP 17936 (Gordon, PA)",3,,
17938,"ZIP 17938 (Hegins, PA)",3,,
17941,"ZIP 17941 (Klingerstown, PA)",3.75,,
17943,"ZIP 17943 (Lavelle, PA)",3,,
17944,"ZIP 17944 (Llewellyn, PA)",3.25,,
17945,"ZIP 17945 (Locustdale, PA)",2.5,,
17946,"ZIP 17946 (Lost Creek, PA)",2.25,,
17948,"ZIP 17948 (Mahanoy City, PA)",2,,
17949,"ZIP 17949 (Mahanoy Plane, PA)",2.25,,
17951,"ZIP 17951 (Mar Lin, PA)",2.75,,
17952,"ZIP 17952 (Mary D, PA)",2,,
17953,"ZIP 17953 (Middleport, PA)",3,,
17954,"ZIP 17954 (Minersville, PA)",2.75,,
17957,"ZIP 17957 (Muir, PA)",3.25,,
17959,"ZIP 17959 (New Philadelphia, PA)",2.5,,
17960,"ZIP 17960 (New Ringgold, PA)",3.75,,
17961,"ZIP 17961 (Orwigsburg, PA)",3.75,,
17963,"ZIP 17963 (Pine Grove, PA)",3,,
17964,"ZIP 17964 (Pitman, PA)",3.5,,
17965,"ZIP 17965 (Port Carbon, PA)",3,,
17967,"ZIP 17967 (Ringtown, PA)",3,,
17968,"ZIP 17968 (Sacramento, PA)",2.75,,
17970,"ZIP 17970 (Saint Clair, PA)",3,,
17972,"ZIP 17972 (Schuylkill Haven, PA)",3,,
17974,"ZIP 17974 (Seltzer, PA)",3,,
17976,"ZIP 17976 (Shenandoah, PA)",2.25,,
17978,"ZIP 17978 (Spring Glen, PA)",3.25,,
17979,"ZIP 17979 (Summit Station, PA)",3.67,,
17980,"ZIP 17980 (Tower City, PA)",3,,
17981,"ZIP 17981 (Tremont, PA)",3,,
17982,"ZIP 17982 (Tuscarora, PA)",3,,
17983,"ZIP 17983 (Valley View, PA)",3,,
17985,"ZIP 17985 (Zion Grove, PA)",3.5,,
18011,"ZIP 18011 (Alburtis, PA)",3.75,,
18013,"ZIP 18013 (Bangor, PA)",3.75,,
18014,"ZIP 18014 (Bath, PA)",3.75,,
18015,"ZIP 18015 (Bethlehem, PA)",4,,
18017,"ZIP 18017 (Bethlehem, PA)",4,,
18018,"ZIP 18018 (Bethlehem, PA)",4,,
18020,"ZIP 18020 (Bethlehem, PA)",4.5,,
18030,"ZIP 18030 (Bowmanstown, PA)",3,,
18031,"ZIP 18031 (Breinigsville, PA)",4.5,,
18032,"ZIP 18032 (Catasauqua, PA)",4,,
18034,"ZIP 18034 (Center Valley, PA)",4.75,,
18035,"ZIP 18035 (Cherryville, PA)",3.75,,
18036,"ZIP 18036 (Coopersburg, PA)",4.75,,
18037,"ZIP 18037 (Coplay, PA)",3.75,,
18038,"ZIP 18038 (Danielsville, PA)",4,,
18040,"ZIP 18040 (Easton, PA)",4.5,,
18041,"ZIP 18041 (East Greenville, PA)",4,,
18042,"ZIP 18042 (Easton, PA)",3.5,,
18045,"ZIP 18045 (Easton, PA)",4.25,,
18049,"ZIP 18049 (Emmaus, PA)",3.75,,
18051,"ZIP 18051 (Fogelsville, PA)",5,,
18052,"ZIP 18052 (Whitehall, PA)",3.75,,
18053,"ZIP 18053 (Germansville, PA)",4,,
18054,"ZIP 18054 (Green Lane, PA)",4.75,,
18055,"ZIP 18055 (Hellertown, PA)",3.75,,
18056,"ZIP 18056 (Hereford, PA)",2,,
18058,"ZIP 18058 (Kunkletown, PA)",3.75,,
18059,"ZIP 18059 (Laurys Station, PA)",4.5,,
18062,"ZIP 18062 (Macungie, PA)",4.5,,
18063,"ZIP 18063 (Martins Creek, PA)",3.75,,
18064,"ZIP 18064 (Nazareth, PA)",4.5,,
18066,"ZIP 18066 (New Tripoli, PA)",4.75,,
18067,"ZIP 18067 (Northampton, PA)",4,,
18069,"ZIP 18069 (Orefield, PA)",4.5,,
18070,"ZIP 18070 (Palm, PA)",4.25,,
18071,"ZIP 18071 (Palmerton, PA)",3,,
18072,"ZIP 18072 (Pen Argyl, PA)",3.75,,
18073,"ZIP 18073 (Pennsburg, PA)",4.75,,
18074,"ZIP 18074 (Perkiomenville, PA)",4.75,,
18076,"ZIP 18076 (Red Hill, PA)",4,,
18077,"ZIP 18077 (Riegelsville, PA)",5,,
18078,"ZIP 18078 (Schnecksville, PA)",4.75,,
18079,"ZIP 18079 (Slatedale, PA)",3.25,,
18080,"ZIP 18080 (Slatington, PA)",3.75,,
18081,"ZIP 18081 (Springtown, PA)",5,,
18083,"ZIP 18083 (Stockertown, PA)",4,,
18085,"ZIP 18085 (Tatamy, PA)",4,,
18086,"ZIP 18086 (Treichlers, PA)",4,,
18087,"ZIP 18087 (Trexlertown, PA)",4,,
18088,"ZIP 18088 (Walnutport, PA)",4,,
18091,"ZIP 18091 (Wind Gap, PA)",4,,
18092,"ZIP 18092 (Zionsville, PA)",4.75,,
18101,"ZIP 18101 (Allentown, PA)",3.25,,
18102,"ZIP 18102 (Allentown, PA)",3,,
18103,"ZIP 18103 (Allentown, PA)",4,,
18104,"ZIP 18104 (Allentown, PA)",4,,
18106,"ZIP 18106 (Allentown, PA)",4.25,,
18109,"ZIP 18109 (Allentown, PA)",2.67,,
18201,"ZIP 18201 (Hazleton, PA)",2.75,,
18202,"ZIP 18202 (Hazleton, PA)",2.67,,
18210,"ZIP 18210 (Albrightsville, PA)",4,,
18211,"ZIP 18211 (Andreas, PA)",4.5,,
18212,"ZIP 18212 (Ashfield, PA)",3,,
18214,"ZIP 18214 (Barnesville, PA)",3.25,,
18216,"ZIP 18216 (Beaver Meadows, PA)",3,,
18218,"ZIP 18218 (Coaldale, PA)",2.25,,
18219,"ZIP 18219 (Conyngham, PA)",3.75,,
18220,"ZIP 18220 (Delano, PA)",2.25,,
18221,"ZIP 18221 (Drifton, PA)",3.25,,
18222,"ZIP 18222 (Drums, PA)",3.75,,
18223,"ZIP 18223 (Ebervale, PA)",3,,
18224,"ZIP 18224 (Freeland, PA)",3,,
18225,"ZIP 18225 (Harleigh, PA)",2.33,,
18229,"ZIP 18229 (Jim Thorpe, PA)",3.75,,
18231,"ZIP 18231 (Kelayres, PA)",3,,
18232,"ZIP 18232 (Lansford, PA)",2.25,,
18234,"ZIP 18234 (Lattimer Mines, PA)",4,,
18235,"ZIP 18235 (Lehighton, PA)",4,,
18237,"ZIP 18237 (Mcadoo, PA)",3,,
18239,"ZIP 18239 (Milnesville, PA)",3,,
18240,"ZIP 18240 (Nesquehoning, PA)",3,,
18241,"ZIP 18241 (Nuremberg, PA)",2.75,,
18244,"ZIP 18244 (Parryville, PA)",2.75,,
18245,"ZIP 18245 (Quakake, PA)",3.5,,
18246,"ZIP 18246 (Rock Glen, PA)",2.25,,
18248,"ZIP 18248 (Sheppton, PA)",3.25,,
18249,"ZIP 18249 (Sugarloaf, PA)",3.75,,
18250,"ZIP 18250 (Summit Hill, PA)",3.25,,
18251,"ZIP 18251 (Sybertsville, PA)",3,,
18252,"ZIP 18252 (Tamaqua, PA)",3,,
18254,"ZIP 18254 (Tresckow, PA)",3,,
18255,"ZIP 18255 (Weatherly, PA)",3,,
18256,"ZIP 18256 (Weston, PA)",3.25,,
18301,"ZIP 18301 (East Stroudsburg, PA)",3.75,,
18302,"ZIP 18302 (East Stroudsburg, PA)",3.33,,
18321,"ZIP 18321 (Bartonsville, PA)",3.5,,
18322,"ZIP 18322 (Brodheadsville, PA)",4.25,,
18323,"ZIP 18323 (Buck Hill Falls, PA)",5.33,,
18324,"ZIP 18324 (Bushkill, PA)",3.5,,
18325,"ZIP 18325 (Canadensis, PA)",3.75,,
18326,"ZIP 18326 (Cresco, PA)",3.75,,
18327,"ZIP 18327 (Delaware Water Gap, PA)",3.75,,
18328,"ZIP 18328 (Dingmans Ferry, PA)",3.75,,
18330,"ZIP 18330 (Effort, PA)",3.75,,
18331,"ZIP 18331 (Gilbert, PA)",4,,
18332,"ZIP 18332 (Henryville, PA)",3.75,,
18333,"ZIP 18333 (Kresgeville, PA)",4,,
18334,"ZIP 18334 (Long Pond, PA)",3.75,,
18335,"ZIP 18335 (Marshalls Creek, PA)",3.33,,
18336,"ZIP 18336 (Matamoras, PA)",4,,
18337,"ZIP 18337 (Milford, PA)",3.75,,
18340,"ZIP 18340 (Millrift, PA)",4.5,,
18341,"ZIP 18341 (Minisink Hills, PA)",4,,
18342,"ZIP 18342 (Mountainhome, PA)",3.33,,
18343,"ZIP 18343 (Mount Bethel, PA)",4,,
18344,"ZIP 18344 (Mount Pocono, PA)",3.75,,
18346,"ZIP 18346 (Pocono Summit, PA)",4,,
18347,"ZIP 18347 (Pocono Lake, PA)",4,,
18349,"ZIP 18349 (Pocono Manor, PA)",6,,
18350,"ZIP 18350 (Pocono Pines, PA)",4.5,,
18351,"ZIP 18351 (Portland, PA)",3.75,,
18352,"ZIP 18352 (Reeders, PA)",3.33,,
18353,"ZIP 18353 (Saylorsburg, PA)",3.75,,
18354,"ZIP 18354 (Sciota, PA)",4,,
18355,"ZIP 18355 (Scotrun, PA)",3.75,,
18356,"ZIP 18356 (Shawnee On Delaware, PA)",4,,
18357,"ZIP 18357 (Skytop, PA)",6,,
18360,"ZIP 18360 (Stroudsburg, PA)",3.75,,
18370,"ZIP 18370 (Swiftwater, PA)",3.75,,
18371,"ZIP 18371 (Tamiment, PA)",3.33,,
18372,"ZIP 18372 (Tannersville, PA)",3.75,,
18403,"ZIP 18403 (Archbald, PA)",3.25,,
18405,"ZIP 18405 (Beach Lake, PA)",4,,
18407,"ZIP 18407 (Carbondale, PA)",3,,
18411,"ZIP 18411 (Clarks Summit, PA)",3.75,,
18413,"ZIP 18413 (Clifford, PA)",4,,
18414,"ZIP 18414 (Dalton, PA)",4,,
18415,"ZIP 18415 (Damascus, PA)",4.25,,
18417,"ZIP 18417 (Equinunk, PA)",4.25,,
18419,"ZIP 18419 (Factoryville, PA)",4,,
18420,"ZIP 18420 (Fleetville, PA)",5,,
18421,"ZIP 18421 (Forest City, PA)",3,,
18424,"ZIP 18424 (Gouldsboro, PA)",3.75,,
18425,"ZIP 18425 (Greeley, PA)",3.75,,
18426,"ZIP 18426 (Greentown, PA)",3.75,,
18428,"ZIP 18428 (Hawley, PA)",4,,
18431,"ZIP 18431 (Honesdale, PA)",3.75,,
18433,"ZIP 18433 (Jermyn, PA)",4,,
18434,"ZIP 18434 (Jessup, PA)",3,,
18435,"ZIP 18435 (Lackawaxen, PA)",4.75,,
18436,"ZIP 18436 (Lake Ariel, PA)",4,,
18437,"ZIP 18437 (Lake Como, PA)",4,,
18438,"ZIP 18438 (Lakeville, PA)",3.75,,
18439,"ZIP 18439 (Lakewood, PA)",4,,
18441,"ZIP 18441 (Lenoxville, PA)",3,,
18443,"ZIP 18443 (Milanville, PA)",4,,
18444,"ZIP 18444 (Moscow, PA)",4,,
18445,"ZIP 18445 (Newfoundland, PA)",4,,
18446,"ZIP 18446 (Nicholson, PA)",3.75,,
18447,"ZIP 18447 (Olyphant, PA)",3.5,,
18451,"ZIP 18451 (Paupack, PA)",4.75,,
18452,"ZIP 18452 (Peckville, PA)",3.5,,
18453,"ZIP 18453 (Pleasant Mount, PA)",3.75,,
18454,"ZIP 18454 (Poyntelle, PA)",5,,
18455,"ZIP 18455 (Preston Park, PA)",3.25,,
18456,"ZIP 18456 (Prompton, PA)",4,,
18457,"ZIP 18457 (Rowland, PA)",4.75,,
18458,"ZIP 18458 (Shohola, PA)",4.25,,
18459,"ZIP 18459 (South Canaan, PA)",4,,
18460,"ZIP 18460 (South Sterling, PA)",4.25,,
18461,"ZIP 18461 (Starlight, PA)",3.25,,
18462,"ZIP 18462 (Starrucca, PA)",3.5,,
18463,"ZIP 18463 (Sterling, PA)",3.33,,
18464,"ZIP 18464 (Tafton, PA)",4.25,,
18465,"ZIP 18465 (Thompson, PA)",4,,
18466,"ZIP 18466 (Tobyhanna, PA)",3.5,,
18469,"ZIP 18469 (Tyler Hill, PA)",4,,
18470,"ZIP 18470 (Union Dale, PA)",4,,
18471,"ZIP 18471 (Waverly, PA)",5,,
18472,"ZIP 18472 (Waymart, PA)",4,,
18473,"ZIP 18473 (White Mills, PA)",3,,
18503,"ZIP 18503 (Scranton, PA)",3,,
18504,"ZIP 18504 (Scranton, PA)",3,,
18505,"ZIP 18505 (Scranton, PA)",3,,
18507,"ZIP 18507 (Moosic, PA)",4,,
18508,"ZIP 18508 (Scranton, PA)",3,,
18509,"ZIP 18509 (Scranton, PA)",3.25,,
18510,"ZIP 18510 (Scranton, PA)",3,,
18512,"ZIP 18512 (Scranton, PA)",3.25,,
18517,"ZIP 18517 (Taylor, PA)",3,,
18518,"ZIP 18518 (Old Forge, PA)",3.25,,
18519,"ZIP 18519 (Scranton, PA)",3,,
18601,"ZIP 18601 (Beach Haven, PA)",3,,
18602,"ZIP 18602 (Bear Creek, PA)",5,,
18603,"ZIP 18603 (Berwick, PA)",3,,
18610,"ZIP 18610 (Blakeslee, PA)",3.25,,
18611,"ZIP 18611 (Cambra, PA)",3,,
18612,"ZIP 18612 (Dallas, PA)",3.75,,
18614,"ZIP 18614 (Dushore, PA)",3.5,,
18615,"ZIP 18615 (Falls, PA)",4,,
18616,"ZIP 18616 (Forksville, PA)",3.25,,
18617,"ZIP 18617 (Glen Lyon, PA)",3,,
18618,"ZIP 18618 (Harveys Lake, PA)",4,,
18619,"ZIP 18619 (Hillsgrove, PA)",3.5,,
18621,"ZIP 18621 (Hunlock Creek, PA)",3,,
18622,"ZIP 18622 (Huntington Mills, PA)",3,,
18623,"ZIP 18623 (Laceyville, PA)",3.5,,
18624,"ZIP 18624 (Lake Harmony, PA)",4.75,,
18625,"ZIP 18625 (Lake Winola, PA)",4.5,,
18626,"ZIP 18626 (Laporte, PA)",4,,
18628,"ZIP 18628 (Lopez, PA)",3,,
18629,"ZIP 18629 (Mehoopany, PA)",3.75,,
18630,"ZIP 18630 (Meshoppen, PA)",3.5,,
18631,"ZIP 18631 (Mifflinville, PA)",3,,
18632,"ZIP 18632 (Mildred, PA)",3.25,,
18634,"ZIP 18634 (Nanticoke, PA)",3,,
18635,"ZIP 18635 (Nescopeck, PA)",3,,
18636,"ZIP 18636 (Noxen, PA)",3,,
18640,"ZIP 18640 (Pittston, PA)",3,,
18641,"ZIP 18641 (Pittston, PA)",3,,
18642,"ZIP 18642 (Duryea, PA)",3,,
18643,"ZIP 18643 (Pittston, PA)",3,,
18644,"ZIP 18644 (Wyoming, PA)",3.25,,
18651,"ZIP 18651 (Plymouth, PA)",3,,
18653,"ZIP 18653 (Ransom, PA)",3.75,,
18655,"ZIP 18655 (Shickshinny, PA)",3.75,,
18656,"ZIP 18656 (Sweet Valley, PA)",4,,
18657,"ZIP 18657 (Tunkhannock, PA)",4,,
18660,"ZIP 18660 (Wapwallopen, PA)",3.5,,
18661,"ZIP 18661 (White Haven, PA)",3.5,,
18701,"ZIP 18701 (Wilkes Barre, PA)",3.5,,
18702,"ZIP 18702 (Wilkes Barre, PA)",2.75,,
18704,"ZIP 18704 (Kingston, PA)",3,,
18705,"ZIP 18705 (Wilkes Barre, PA)",2.75,,
18706,"ZIP 18706 (Wilkes Barre, PA)",3,,
18707,"ZIP 18707 (Mountain Top, PA)",3.75,,
18708,"ZIP 18708 (Shavertown, PA)",3.75,,
18709,"ZIP 18709 (Luzerne, PA)",3,,
18801,"ZIP 18801 (Montrose, PA)",3.75,,
18810,"ZIP 18810 (Athens, PA)",3.25,,
18812,"ZIP 18812 (Brackney, PA)",4,,
18813,"ZIP 18813 (Brooklyn, PA)",3,,
18814,"ZIP 18814 (Burlington, PA)",3.5,,
18816,"ZIP 18816 (Dimock, PA)",3,,
18817,"ZIP 18817 (East Smithfield, PA)",3.25,,
18818,"ZIP 18818 (Friendsville, PA)",3.75,,
18821,"ZIP 18821 (Great Bend, PA)",3.25,,
18822,"ZIP 18822 (Hallstead, PA)",3,,
18823,"ZIP 18823 (Harford, PA)",3,,
18824,"ZIP 18824 (Hop Bottom, PA)",3.25,,
18825,"ZIP 18825 (Jackson, PA)",3,,
18826,"ZIP 18826 (Kingsley, PA)",3.75,,
18827,"ZIP 18827 (Lanesboro, PA)",3,,
18828,"ZIP 18828 (Lawton, PA)",3.25,,
18829,"ZIP 18829 (Le Raysville, PA)",3.5,,
18830,"ZIP 18830 (Little Meadows, PA)",3.25,,
18831,"ZIP 18831 (Milan, PA)",3,,
18832,"ZIP 18832 (Monroeton, PA)",3.25,,
18833,"ZIP 18833 (New Albany, PA)",3.25,,
18834,"ZIP 18834 (New Milford, PA)",3.5,,
18837,"ZIP 18837 (Rome, PA)",3.25,,
18840,"ZIP 18840 (Sayre, PA)",3.25,,
18842,"ZIP 18842 (South Gibson, PA)",3.5,,
18843,"ZIP 18843 (South Montrose, PA)",2.67,,
18844,"ZIP 18844 (Springville, PA)",4,,
18845,"ZIP 18845 (Stevensville, PA)",4,,
18846,"ZIP 18846 (Sugar Run, PA)",4,,
18847,"ZIP 18847 (Susquehanna, PA)",3,,
18848,"ZIP 18848 (Towanda, PA)",3.5,,
18850,"ZIP 18850 (Ulster, PA)",3.25,,
18851,"ZIP 18851 (Warren Center, PA)",3,,
18853,"ZIP 18853 (Wyalusing, PA)",3.75,,
18854,"ZIP 18854 (Wysox, PA)",3.25,,
18901,"ZIP 18901 (Doylestown, PA)",5.5,,
18902,"ZIP 18902 (Doylestown, PA)",4.67,,
18913,"ZIP 18913 (Carversville, PA)",6,,
18914,"ZIP 18914 (Chalfont, PA)",5.25,,
18915,"ZIP 18915 (Colmar, PA)",4.5,,
18917,"ZIP 18917 (Dublin, PA)",4.75,,
18920,"ZIP 18920 (Erwinna, PA)",4.75,,
18923,"ZIP 18923 (Fountainville, PA)",5.5,,
18925,"ZIP 18925 (Furlong, PA)",5.5,,
18927,"ZIP 18927 (Hilltown, PA)",5,,
18929,"ZIP 18929 (Jamison, PA)",5.5,,
18930,"ZIP 18930 (Kintnersville, PA)",5.5,,
18932,"ZIP 18932 (Line Lexington, PA)",5.25,,
18936,"ZIP 18936 (Montgomeryville, PA)",4,,
18938,"ZIP 18938 (New Hope, PA)",5.5,,
18940,"ZIP 18940 (Newtown, PA)",5.75,,
18942,"ZIP 18942 (Ottsville, PA)",5.25,,
18944,"ZIP 18944 (Perkasie, PA)",4.75,,
18947,"ZIP 18947 (Pipersville, PA)",5.5,,
18950,"ZIP 18950 (Point Pleasant, PA)",4.67,,
18951,"ZIP 18951 (Quakertown, PA)",4.5,,
18954,"ZIP 18954 (Richboro, PA)",5.5,,
18955,"ZIP 18955 (Richlandtown, PA)",4,,
18960,"ZIP 18960 (Sellersville, PA)",4.75,,
18962,"ZIP 18962 (Silverdale, PA)",4.75,,
18964,"ZIP 18964 (Souderton, PA)",4.75,,
18966,"ZIP 18966 (Southampton, PA)",5.25,,
18969,"ZIP 18969 (Telford, PA)",4.75,,
18970,"ZIP 18970 (Trumbauersville, PA)",4.75,,
18972,"ZIP 18972 (Upper Black Eddy, PA)",5.5,,
18974,"ZIP 18974 (Warminster, PA)",4.75,,
18976,"ZIP 18976 (Warrington, PA)",5.5,,
18977,"ZIP 18977 (Washington Crossing, PA)",5.5,,
18980,"ZIP 18980 (Wycombe, PA)",5.25,,
19001,"ZIP 19001 (Abington, PA)",4.5,,
19002,"ZIP 19002 (Ambler, PA)",5.5,,
19003,"ZIP 19003 (Ardmore, PA)",4.75,,
19004,"ZIP 19004 (Bala Cynwyd, PA)",5.5,,
19006,"ZIP 19006 (Huntingdon Valley, PA)",5.5,,
19007,"ZIP 19007 (Bristol, PA)",4,,
19008,"ZIP 19008 (Broomall, PA)",5.25,,
19009,"ZIP 19009 (Bryn Athyn, PA)",5,,
19010,"ZIP 19010 (Bryn Mawr, PA)",5.5,,
19012,"ZIP 19012 (Cheltenham, PA)",4.25,,
19013,"ZIP 19013 (Chester, PA)",3,,
19014,"ZIP 19014 (Aston, PA)",4.25,,
19015,"ZIP 19015 (Brookhaven, PA)",4,,
19017,"ZIP 19017 (Chester Heights, PA)",4.67,,
19018,"ZIP 19018 (Clifton Heights, PA)",3.75,,
19020,"ZIP 19020 (Bensalem, PA)",4.5,,
19021,"ZIP 19021 (Croydon, PA)",4,,
19022,"ZIP 19022 (Crum Lynne, PA)",3,,
19023,"ZIP 19023 (Darby, PA)",3.25,,
19025,"ZIP 19025 (Dresher, PA)",5.5,,
19026,"ZIP 19026 (Drexel Hill, PA)",3.75,,
19027,"ZIP 19027 (Elkins Park, PA)",4.75,,
19029,"ZIP 19029 (Essington, PA)",3.5,,
19030,"ZIP 19030 (Fairless Hills, PA)",4.5,,
19031,"ZIP 19031 (Flourtown, PA)",5.25,,
19032,"ZIP 19032 (Folcroft, PA)",3,,
19033,"ZIP 19033 (Folsom, PA)",4,,
19034,"ZIP 19034 (Fort Washington, PA)",5.5,,
19035,"ZIP 19035 (Gladwyne, PA)",5.25,,
19036,"ZIP 19036 (Glenolden, PA)",3.25,,
19038,"ZIP 19038 (Glenside, PA)",4.75,,
19040,"ZIP 19040 (Hatboro, PA)",4.75,,
19041,"ZIP 19041 (Haverford, PA)",5.25,,
19043,"ZIP 19043 (Holmes, PA)",4,,
19044,"ZIP 19044 (Horsham, PA)",4.75,,
19046,"ZIP 19046 (Jenkintown, PA)",4.75,,
19047,"ZIP 19047 (Langhorne, PA)",5.25,,
19050,"ZIP 19050 (Lansdowne, PA)",3.5,,
19053,"ZIP 19053 (Feasterville Trevose, PA)",4.75,,
19054,"ZIP 19054 (Levittown, PA)",4,,
19055,"ZIP 19055 (Levittown, PA)",4,,
19056,"ZIP 19056 (Levittown, PA)",4.5,,
19057,"ZIP 19057 (Levittown, PA)",4,,
19060,"ZIP 19060 (Garnet Valley, PA)",4.67,,
19061,"ZIP 19061 (Marcus Hook, PA)",3.75,,
19063,"ZIP 19063 (Media, PA)",5.25,,
19064,"ZIP 19064 (Springfield, PA)",4.75,,
19066,"ZIP 19066 (Merion Station, PA)",5.5,,
19067,"ZIP 19067 (Morrisville, PA)",5.25,,
19070,"ZIP 19070 (Morton, PA)",4,,
19072,"ZIP 19072 (Narberth, PA)",5.5,,
19073,"ZIP 19073 (Newtown Square, PA)",5.5,,
19074,"ZIP 19074 (Norwood, PA)",4,,
19075,"ZIP 19075 (Oreland, PA)",4.75,,
19076,"ZIP 19076 (Prospect Park, PA)",4,,
19078,"ZIP 19078 (Ridley Park, PA)",3.75,,
19079,"ZIP 19079 (Sharon Hill, PA)",3,,
19081,"ZIP 19081 (Swarthmore, PA)",4.5,,
19082,"ZIP 19082 (Upper Darby, PA)",3.25,,
19083,"ZIP 19083 (Havertown, PA)",4.75,,
19085,"ZIP 19085 (Villanova, PA)",5.25,,
19086,"ZIP 19086 (Wallingford, PA)",4.75,,
19087,"ZIP 19087 (Wayne, PA)",5.5,,
19090,"ZIP 19090 (Willow Grove, PA)",4.5,,
19094,"ZIP 19094 (Woodlyn, PA)",4,,
19095,"ZIP 19095 (Wyncote, PA)",4.75,,
19096,"ZIP 19096 (Wynnewood, PA)",5.5,,
19102,"ZIP 19102 (Philadelphia, PA)",5.25,,
19103,"ZIP 19103 (Philadelphia, PA)",5.75,,
19104,"ZIP 19104 (Philadelphia, PA)",3.5,,
19106,"ZIP 19106 (Philadelphia, PA)",5.75,,
19107,"ZIP 19107 (Philadelphia, PA)",4.75,,
19111,"ZIP 19111 (Philadelphia, PA)",3.75,,
19113,"ZIP 19113 (Philadelphia, PA)",3.75,,
19114,"ZIP 19114 (Philadelphia, PA)",4,,
19115,"ZIP 19115 (Philadelphia, PA)",4,,
19116,"ZIP 19116 (Philadelphia, PA)",4.5,,
19118,"ZIP 19118 (Philadelphia, PA)",5.75,,
19119,"ZIP 19119 (Philadelphia, PA)",4.25,,
19120,"ZIP 19120 (Philadelphia, PA)",3.25,,
19121,"ZIP 19121 (Philadelphia, PA)",3.5,,
19122,"ZIP 19122 (Philadelphia, PA)",3.75,,
19123,"ZIP 19123 (Philadelphia, PA)",4.75,,
19124,"ZIP 19124 (Philadelphia, PA)",3.25,,
19125,"ZIP 19125 (Philadelphia, PA)",4.25,,
19126,"ZIP 19126 (Philadelphia, PA)",3.5,,
19127,"ZIP 19127 (Philadelphia, PA)",4.25,,
19128,"ZIP 19128 (Philadelphia, PA)",4.25,,
19129,"ZIP 19129 (Philadelphia, PA)",4.25,,
19130,"ZIP 19130 (Philadelphia, PA)",5.5,,
19131,"ZIP 19131 (Philadelphia, PA)",3.25,,
19132,"ZIP 19132 (Philadelphia, PA)",2.5,,
19133,"ZIP 19133 (Philadelphia, PA)",3,,
19134,"ZIP 19134 (Philadelphia, PA)",3.25,,
19135,"ZIP 19135 (Philadelphia, PA)",3.25,,
19136,"ZIP 19136 (Philadelphia, PA)",3.75,,
19137,"ZIP 19137 (Philadelphia, PA)",3.5,,
19138,"ZIP 19138 (Philadelphia, PA)",3.25,,
19139,"ZIP 19139 (Philadelphia, PA)",3.25,,
19140,"ZIP 19140 (Philadelphia, PA)",2.75,,
19141,"ZIP 19141 (Philadelphia, PA)",3.25,,
19142,"ZIP 19142 (Philadelphia, PA)",3.25,,
19143,"ZIP 19143 (Philadelphia, PA)",3.25,,
19144,"ZIP 19144 (Philadelphia, PA)",3.5,,
19145,"ZIP 19145 (Philadelphia, PA)",4.25,,
19146,"ZIP 19146 (Philadelphia, PA)",4,,
19147,"ZIP 19147 (Philadelphia, PA)",4.75,,
19148,"ZIP 19148 (Philadelphia, PA)",4.25,,
19149,"ZIP 19149 (Philadelphia, PA)",3.25,,
19150,"ZIP 19150 (Philadelphia, PA)",3.75,,
19151,"ZIP 19151 (Philadelphia, PA)",3.25,,
19152,"ZIP 19152 (Philadelphia, PA)",4.25,,
19153,"ZIP 19153 (Philadelphia, PA)",3.25,,
19154,"ZIP 19154 (Philadelphia, PA)",4,,
19301,"ZIP 19301 (Paoli, PA)",5.5,,
19310,"ZIP 19310 (Atglen, PA)",4,,
19311,"ZIP 19311 (Avondale, PA)",5.25,,
19312,"ZIP 19312 (Berwyn, PA)",5.5,,
19316,"ZIP 19316 (Brandamore, PA)",4,,
19317,"ZIP 19317 (Chadds Ford, PA)",5.5,,
19319,"ZIP 19319 (Cheyney, PA)",5.5,,
19320,"ZIP 19320 (Coatesville, PA)",4,,
19330,"ZIP 19330 (Cochranville, PA)",4.75,,
19333,"ZIP 19333 (Devon, PA)",5.5,,
19335,"ZIP 19335 (Downingtown, PA)",4.75,,
19341,"ZIP 19341 (Exton, PA)",5.25,,
19342,"ZIP 19342 (Glen Mills, PA)",5.5,,
19343,"ZIP 19343 (Glenmoore, PA)",5.5,,
19344,"ZIP 19344 (Honey Brook, PA)",4,,
19348,"ZIP 19348 (Kennett Square, PA)",5.5,,
19350,"ZIP 19350 (Landenberg, PA)",5.25,,
19352,"ZIP 19352 (Lincoln University, PA)",5.25,,
19355,"ZIP 19355 (Malvern, PA)",5.5,,
19358,"ZIP 19358 (Modena, PA)",3.75,,
19362,"ZIP 19362 (Nottingham, PA)",3.75,,
19363,"ZIP 19363 (Oxford, PA)",4.75,,
19365,"ZIP 19365 (Parkesburg, PA)",4,,
19367,"ZIP 19367 (Pomeroy, PA)",4,,
19369,"ZIP 19369 (Sadsburyville, PA)",2,,
19372,"ZIP 19372 (Thorndale, PA)",4,,
19373,"ZIP 19373 (Thornton, PA)",5.5,,
19374,"ZIP 19374 (Toughkenamon, PA)",4.5,,
19380,"ZIP 19380 (West Chester, PA)",5.5,,
19382,"ZIP 19382 (West Chester, PA)",5.5,,
19390,"ZIP 19390 (West Grove, PA)",4.75,,
19401,"ZIP 19401 (Norristown, PA)",4,,
19403,"ZIP 19403 (Norristown, PA)",4.75,,
19405,"ZIP 19405 (Bridgeport, PA)",4,,
19406,"ZIP 19406 (King of Prussia, PA)",4.75,,
19421,"ZIP 19421 (Birchrunville, PA)",6,,
19422,"ZIP 19422 (Blue Bell, PA)",5.5,,
19425,"ZIP 19425 (Chester Springs, PA)",5.25,,
19426,"ZIP 19426 (Collegeville, PA)",5.25,,
19428,"ZIP 19428 (Conshohocken, PA)",4.75,,
19435,"ZIP 19435 (Frederick, PA)",4,,
19436,"ZIP 19436 (Gwynedd, PA)",4.5,,
19437,"ZIP 19437 (Gwynedd Valley, PA)",5.5,,
19438,"ZIP 19438 (Harleysville, PA)",4.75,,
19440,"ZIP 19440 (Hatfield, PA)",4.75,,
19444,"ZIP 19444 (Lafayette Hill, PA)",5.5,,
19446,"ZIP 19446 (Lansdale, PA)",4.75,,
19453,"ZIP 19453 (Mont Clare, PA)",3.75,,
19454,"ZIP 19454 (North Wales, PA)",4.75,,
19456,"ZIP 19456 (Oaks, PA)",4,,
19457,"ZIP 19457 (Parker Ford, PA)",5,,
19460,"ZIP 19460 (Phoenixville, PA)",4.75,,
19462,"ZIP 19462 (Plymouth Meeting, PA)",4.75,,
19464,"ZIP 19464 (Pottstown, PA)",4,,
19465,"ZIP 19465 (Pottstown, PA)",4.75,,
19468,"ZIP 19468 (Royersford, PA)",4.75,,
19472,"ZIP 19472 (Sassamansville, PA)",5,,
19473,"ZIP 19473 (Schwenksville, PA)",4.75,,
19474,"ZIP 19474 (Skippack, PA)",4.25,,
19475,"ZIP 19475 (Spring City, PA)",4.5,,
19478,"ZIP 19478 (Spring Mount, PA)",4,,
19492,"ZIP 19492 (Zieglerville, PA)",4.5,,
19501,"ZIP 19501 (Adamstown, PA)",3.75,,
19503,"ZIP 19503 (Bally, PA)",3.75,,
19504,"ZIP 19504 (Barto, PA)",4.75,,
19505,"ZIP 19505 (Bechtelsville, PA)",4,,
19506,"ZIP 19506 (Bernville, PA)",4,,
19507,"ZIP 19507 (Bethel, PA)",4,,
19508,"ZIP 19508 (Birdsboro, PA)",3.75,,
19510,"ZIP 19510 (Blandon, PA)",3.75,,
19511,"ZIP 19511 (Bowers, PA)",4,,
19512,"ZIP 19512 (Boyertown, PA)",3.75,,
19516,"ZIP 19516 (Centerport, PA)",4,,
19518,"ZIP 19518 (Douglassville, PA)",4.25,,
19519,"ZIP 19519 (Earlville, PA)",3,,
19520,"ZIP 19520 (Elverson, PA)",4.75,,
19522,"ZIP 19522 (Fleetwood, PA)",3.75,,
19523,"ZIP 19523 (Geigertown, PA)",4,,
19525,"ZIP 19525 (Gilbertsville, PA)",4.75,,
19526,"ZIP 19526 (Hamburg, PA)",3.5,,
19529,"ZIP 19529 (Kempton, PA)",4,,
19530,"ZIP 19530 (Kutztown, PA)",3.75,,
19533,"ZIP 19533 (Leesport, PA)",4,,
19534,"ZIP 19534 (Lenhartsville, PA)",3.75,,
19536,"ZIP 19536 (Lyon Station, PA)",3,,
19538,"ZIP 19538 (Maxatawny, PA)",3,,
19539,"ZIP 19539 (Mertztown, PA)",4,,
19540,"ZIP 19540 (Mohnton, PA)",4,,
19541,"ZIP 19541 (Mohrsville, PA)",4,,
19543,"ZIP 19543 (Morgantown, PA)",4.75,,
19544,"ZIP 19544 (Mount Aetna, PA)",3.5,,
19545,"ZIP 19545 (New Berlinville, PA)",4,,
19547,"ZIP 19547 (Oley, PA)",4,,
19549,"ZIP 19549 (Port Clinton, PA)",3,,
19550,"ZIP 19550 (Rehrersburg, PA)",3,,
19551,"ZIP 19551 (Robesonia, PA)",3.75,,
19554,"ZIP 19554 (Shartlesville, PA)",3.5,,
19555,"ZIP 19555 (Shoemakersville, PA)",3.75,,
19559,"ZIP 19559 (Strausstown, PA)",3,,
19560,"ZIP 19560 (Temple, PA)",3.5,,
19562,"ZIP 19562 (Topton, PA)",3.5,,
19564,"ZIP 19564 (Virginville, PA)",3.33,,
19565,"ZIP 19565 (Wernersville, PA)",3.75,,
19567,"ZIP 19567 (Womelsdorf, PA)",3.75,,
19601,"ZIP 19601 (Reading, PA)",3,,
19602,"ZIP 19602 (Reading, PA)",2.25,,
19604,"ZIP 19604 (Reading, PA)",3,,
19605,"ZIP 19605 (Reading, PA)",3.5,,
19606,"ZIP 19606 (Reading, PA)",3.75,,
19607,"ZIP 19607 (Reading, PA)",3.75,,
19608,"ZIP 19608 (Reading, PA)",3.75,,
19609,"ZIP 19609 (Reading, PA)",3.75,,
19610,"ZIP 19610 (Reading, PA)",4,,
19611,"ZIP 19611 (Reading, PA)",3,,